Date,FED_RATE,INFLATION,USD_INDEX,VIX,US10Y_YIELD
2018-01-02,1.41,248.859,109.6445,9.77,2.46
2018-01-03,1.41,248.859,109.6751,9.15,2.44
2018-01-04,1.41,248.859,109.4777,9.22,2.46
2018-01-05,1.41,248.859,109.3496,9.22,2.47
2018-01-08,1.41,248.859,109.5681,9.52,2.49
2018-01-09,1.41,248.859,109.9025,10.08,2.55
2018-01-10,1.41,248.859,109.628,9.82,2.55
2018-01-11,1.41,248.859,109.4888,9.88,2.54
2018-01-12,1.41,248.859,108.901,10.16,2.55
2018-01-15,1.41,248.859,108.901,10.16,2.55
2018-01-16,1.41,248.859,108.3218,11.66,2.54
2018-01-17,1.41,248.859,108.1526,11.91,2.57
2018-01-18,1.41,248.859,108.0655,12.22,2.62
2018-01-19,1.41,248.859,107.9455,11.27,2.64
2018-01-22,1.41,248.859,108.107,11.03,2.66
2018-01-23,1.41,248.859,107.9979,11.1,2.63
2018-01-24,1.41,248.859,107.0802,11.47,2.65
2018-01-25,1.41,248.859,106.5052,11.58,2.63
2018-01-26,1.41,248.859,106.6911,11.08,2.66
2018-01-29,1.41,248.859,107.1142,13.84,2.7
2018-01-30,1.41,248.859,107.1064,14.79,2.73
2018-01-31,1.41,248.859,106.7696,13.54,2.72
2018-02-01,1.42,249.529,106.4877,13.47,2.78
2018-02-02,1.42,249.529,107.1151,17.31,2.84
2018-02-05,1.42,249.529,107.33,37.32,2.77
2018-02-06,1.42,249.529,107.5204,29.98,2.79
2018-02-07,1.42,249.529,107.7175,27.73,2.84
2018-02-08,1.42,249.529,108.3025,33.46,2.85
2018-02-09,1.42,249.529,108.2582,29.06,2.83
2018-02-12,1.42,249.529,108.0332,25.61,2.86
2018-02-13,1.42,249.529,107.7574,24.97,2.83
2018-02-14,1.42,249.529,107.4691,19.26,2.91
2018-02-15,1.42,249.529,106.9867,19.13,2.9
2018-02-16,1.42,249.529,107.0359,19.46,2.87
2018-02-19,1.42,249.529,107.0359,19.46,2.87
2018-02-20,1.42,249.529,107.6249,20.6,2.88
2018-02-21,1.42,249.529,107.8679,20.02,2.94
2018-02-22,1.42,249.529,107.8668,18.72,2.92
2018-02-23,1.42,249.529,107.6804,16.49,2.88
2018-02-26,1.42,249.529,107.7347,15.8,2.86
2018-02-27,1.42,249.529,108.1731,18.59,2.9
2018-02-28,1.42,249.529,108.3903,19.85,2.87
2018-03-01,1.51,249.577,108.5358,22.47,2.81
2018-03-02,1.51,249.577,108.5358,19.59,2.86
2018-03-05,1.51,249.577,108.3614,18.73,2.88
2018-03-06,1.51,249.577,107.7969,18.36,2.88
2018-03-07,1.51,249.577,108.0911,17.76,2.89
2018-03-08,1.51,249.577,108.2671,16.54,2.86
2018-03-09,1.51,249.577,107.923,14.64,2.9
2018-03-12,1.51,249.577,107.9438,15.78,2.87
2018-03-13,1.51,249.577,107.7384,16.35,2.84
2018-03-14,1.51,249.577,107.8623,17.23,2.81
2018-03-15,1.51,249.577,108.2032,16.59,2.82
2018-03-16,1.51,249.577,108.4332,15.8,2.85
2018-03-19,1.51,249.577,108.3145,19.02,2.85
2018-03-20,1.51,249.577,108.4953,18.2,2.89
2018-03-21,1.51,249.577,108.4953,17.86,2.89
2018-03-22,1.51,249.577,107.9935,23.34,2.83
2018-03-23,1.51,249.577,107.7495,24.87,2.82
2018-03-26,1.51,249.577,107.1819,21.03,2.85
2018-03-27,1.51,249.577,107.3359,22.5,2.78
2018-03-28,1.51,249.577,107.5733,22.87,2.77
2018-03-29,1.51,249.577,107.665,19.97,2.74
2018-03-30,1.51,249.577,107.4784,19.97,2.74
2018-04-01,1.69,250.227,107.4784,19.97,2.74
2018-04-02,1.69,250.227,107.7033,23.62,2.73
2018-04-03,1.69,250.227,107.5624,21.1,2.79
2018-04-04,1.69,250.227,107.6361,20.06,2.79
2018-04-05,1.69,250.227,107.7281,18.94,2.83
2018-04-06,1.69,250.227,107.7886,21.49,2.77
2018-04-09,1.69,250.227,107.5316,21.77,2.78
2018-04-10,1.69,250.227,107.3659,20.47,2.8
2018-04-11,1.69,250.227,107.1224,20.24,2.79
2018-04-12,1.69,250.227,107.2905,18.49,2.83
2018-04-13,1.69,250.227,107.2368,17.41,2.82
2018-04-16,1.69,250.227,107.0595,16.56,2.83
2018-04-17,1.69,250.227,107.0344,15.25,2.82
2018-04-18,1.69,250.227,107.1096,15.6,2.87
2018-04-19,1.69,250.227,107.5197,15.96,2.92
2018-04-20,1.69,250.227,108.1787,16.88,2.96
2018-04-23,1.69,250.227,108.9332,16.34,2.98
2018-04-24,1.69,250.227,108.7906,18.02,3.0
2018-04-25,1.69,250.227,109.3447,17.84,3.03
2018-04-26,1.69,250.227,109.3646,16.24,3.0
2018-04-27,1.69,250.227,109.1735,15.41,2.96
2018-04-30,1.69,250.227,109.3363,15.93,2.95
2018-05-01,1.7,250.792,109.7445,15.49,2.97
2018-05-02,1.7,250.792,110.1625,15.97,2.97
2018-05-03,1.7,250.792,110.1803,15.9,2.94
2018-05-04,1.7,250.792,110.25,14.77,2.95
2018-05-07,1.7,250.792,110.5721,14.75,2.95
2018-05-08,1.7,250.792,111.063,14.71,2.97
2018-05-09,1.7,250.792,110.8818,13.42,3.0
2018-05-10,1.7,250.792,110.405,13.23,2.97
2018-05-11,1.7,250.792,110.2847,12.65,2.97
2018-05-14,1.7,250.792,110.408,12.93,3.0
2018-05-15,1.7,250.792,111.2292,14.63,3.08
2018-05-16,1.7,250.792,111.3068,13.42,3.09
2018-05-17,1.7,250.792,111.3547,13.43,3.11
2018-05-18,1.7,250.792,111.7171,13.42,3.06
2018-05-21,1.7,250.792,111.6394,13.08,3.06
2018-05-22,1.7,250.792,111.1945,13.22,3.06
2018-05-23,1.7,250.792,111.6933,12.58,3.01
2018-05-24,1.7,250.792,111.4885,12.53,2.98
2018-05-25,1.7,250.792,111.5843,13.22,2.93
2018-05-28,1.7,250.792,111.5843,13.22,2.93
2018-05-29,1.7,250.792,112.2127,17.02,2.77
2018-05-30,1.7,250.792,111.6731,14.94,2.84
2018-05-31,1.7,250.792,111.9894,15.43,2.83
2018-06-01,1.82,251.018,111.8265,13.46,2.89
2018-06-04,1.82,251.018,111.8247,12.74,2.94
2018-06-05,1.82,251.018,112.264,12.4,2.92
2018-06-06,1.82,251.018,111.7525,11.64,2.97
2018-06-07,1.82,251.018,112.0725,12.13,2.93
2018-06-08,1.82,251.018,112.1066,12.18,2.93
2018-06-11,1.82,251.018,112.1106,12.35,2.96
2018-06-12,1.82,251.018,112.2138,12.34,2.96
2018-06-13,1.82,251.018,112.2577,12.94,2.98
2018-06-14,1.82,251.018,112.8593,12.12,2.94
2018-06-15,1.82,251.018,113.3379,11.98,2.93
2018-06-18,1.82,251.018,113.4899,12.31,2.92
2018-06-19,1.82,251.018,113.639,13.35,2.89
2018-06-20,1.82,251.018,113.4784,12.79,2.93
2018-06-21,1.82,251.018,113.6109,14.64,2.9
2018-06-22,1.82,251.018,113.3047,13.77,2.9
2018-06-25,1.82,251.018,113.286,17.33,2.87
2018-06-26,1.82,251.018,113.3016,15.92,2.88
2018-06-27,1.82,251.018,113.8971,17.91,2.83
2018-06-28,1.82,251.018,113.8405,16.85,2.84
2018-06-29,1.82,251.018,113.2586,16.09,2.85
2018-07-01,1.91,251.214,113.2586,16.09,2.85
2018-07-02,1.91,251.214,114.1673,15.6,2.87
2018-07-03,1.91,251.214,113.3222,16.14,2.83
2018-07-04,1.91,251.214,113.3222,16.14,2.83
2018-07-05,1.91,251.214,112.9759,14.97,2.84
2018-07-06,1.91,251.214,112.6428,13.37,2.82
2018-07-09,1.91,251.214,112.6425,12.69,2.86
2018-07-10,1.91,251.214,112.5794,12.64,2.87
2018-07-11,1.91,251.214,112.8582,13.63,2.85
2018-07-12,1.91,251.214,112.779,12.58,2.85
2018-07-13,1.91,251.214,113.0705,12.18,2.83
2018-07-16,1.91,251.214,112.8437,12.83,2.85
2018-07-17,1.91,251.214,113.1504,12.06,2.86
2018-07-18,1.91,251.214,113.3348,12.1,2.88
2018-07-19,1.91,251.214,113.9463,12.87,2.84
2018-07-20,1.91,251.214,113.3213,12.86,2.89
2018-07-23,1.91,251.214,113.4246,12.62,2.96
2018-07-24,1.91,251.214,113.2045,12.41,2.95
2018-07-25,1.91,251.214,112.9221,12.29,2.94
2018-07-26,1.91,251.214,112.9179,12.14,2.98
2018-07-27,1.91,251.214,112.8125,13.03,2.96
2018-07-30,1.91,251.214,112.6044,14.26,2.98
2018-07-31,1.91,251.214,112.7299,12.83,2.96
2018-08-01,1.91,251.663,112.8899,13.15,3.0
2018-08-02,1.91,251.663,113.1679,12.19,2.98
2018-08-03,1.91,251.663,113.012,11.64,2.95
2018-08-06,1.91,251.663,113.229,11.27,2.94
2018-08-07,1.91,251.663,112.9759,10.93,2.98
2018-08-08,1.91,251.663,113.1411,10.85,2.96
2018-08-09,1.91,251.663,113.3806,11.27,2.93
2018-08-10,1.91,251.663,114.3005,13.16,2.87
2018-08-13,1.91,251.663,114.851,14.78,2.88
2018-08-14,1.91,251.663,114.658,13.31,2.89
2018-08-15,1.91,251.663,115.1526,14.64,2.86
2018-08-16,1.91,251.663,114.6416,13.45,2.87
2018-08-17,1.91,251.663,114.5339,12.64,2.87
2018-08-20,1.91,251.663,114.3504,12.49,2.82
2018-08-21,1.91,251.663,113.8604,12.86,2.85
2018-08-22,1.91,251.663,113.663,12.25,2.82
2018-08-23,1.91,251.663,114.0932,12.41,2.82
2018-08-24,1.91,251.663,113.5985,11.99,2.82
2018-08-27,1.91,251.663,113.2721,12.16,2.85
2018-08-28,1.91,251.663,113.3444,12.5,2.88
2018-08-29,1.91,251.663,113.6461,12.25,2.89
2018-08-30,1.91,251.663,114.0899,13.53,2.86
2018-08-31,1.91,251.663,114.2755,12.86,2.86
2018-09-01,1.95,252.182,114.2755,12.86,2.86
2018-09-03,1.95,252.182,114.2755,12.86,2.86
2018-09-04,1.95,252.182,114.8584,13.16,2.9
2018-09-05,1.95,252.182,114.7477,13.91,2.9
2018-09-06,1.95,252.182,114.6479,14.65,2.88
2018-09-07,1.95,252.182,114.5816,14.88,2.94
2018-09-10,1.95,252.182,114.6802,14.16,2.94
2018-09-11,1.95,252.182,114.7051,13.22,2.98
2018-09-12,1.95,252.182,114.2192,13.14,2.97
2018-09-13,1.95,252.182,113.9268,12.37,2.97
2018-09-14,1.95,252.182,114.0657,12.07,2.99
2018-09-17,1.95,252.182,113.9158,13.68,2.99
2018-09-18,1.95,252.182,113.7739,12.79,3.05
2018-09-19,1.95,252.182,113.6532,11.75,3.08
2018-09-20,1.95,252.182,113.4989,11.8,3.07
2018-09-21,1.95,252.182,113.5099,11.68,3.07
2018-09-24,1.95,252.182,113.5301,12.2,3.08
2018-09-25,1.95,252.182,113.7202,12.42,3.1
2018-09-26,1.95,252.182,113.6739,12.89,3.06
2018-09-27,1.95,252.182,113.9784,12.41,3.06
2018-09-28,1.95,252.182,113.8077,12.12,3.05
2018-10-01,2.19,252.772,113.8235,12.0,3.09
2018-10-02,2.19,252.772,113.8954,12.05,3.05
2018-10-03,2.19,252.772,114.1569,11.61,3.15
2018-10-04,2.19,252.772,114.6867,14.22,3.19
2018-10-05,2.19,252.772,114.561,14.82,3.23
2018-10-08,2.19,252.772,114.561,15.69,3.23
2018-10-09,2.19,252.772,114.6583,15.95,3.21
2018-10-10,2.19,252.772,114.6072,22.96,3.22
2018-10-11,2.19,252.772,114.4074,24.98,3.14
2018-10-12,2.19,252.772,114.3691,21.31,3.15
2018-10-15,2.19,252.772,114.045,21.3,3.16
2018-10-16,2.19,252.772,113.8963,17.62,3.16
2018-10-17,2.19,252.772,114.1755,17.4,3.19
2018-10-18,2.19,252.772,114.8164,20.06,3.17
2018-10-19,2.19,252.772,114.8567,19.89,3.2
2018-10-22,2.19,252.772,115.1782,19.64,3.2
2018-10-23,2.19,252.772,115.1651,20.71,3.17
2018-10-24,2.19,252.772,115.3755,25.23,3.1
2018-10-25,2.19,252.772,115.4831,24.22,3.14
2018-10-26,2.19,252.772,115.473,24.16,3.08
2018-10-29,2.19,252.772,115.8936,24.7,3.08
2018-10-30,2.19,252.772,116.2357,23.35,3.12
2018-10-31,2.19,252.772,116.5281,21.23,3.15
2018-11-01,2.2,252.594,115.8657,19.34,3.14
2018-11-02,2.2,252.594,115.643,19.51,3.22
2018-11-05,2.2,252.594,115.703,19.96,3.2
2018-11-06,2.2,252.594,115.5622,19.91,3.22
2018-11-07,2.2,252.594,115.2519,16.36,3.22
2018-11-08,2.2,252.594,115.6478,16.72,3.24
2018-11-09,2.2,252.594,116.4778,17.36,3.19
2018-11-12,2.2,252.594,116.4778,20.45,3.19
2018-11-13,2.2,252.594,116.6694,20.02,3.14
2018-11-14,2.2,252.594,116.498,21.25,3.12
2018-11-15,2.2,252.594,116.3861,19.98,3.11
2018-11-16,2.2,252.594,115.9258,18.14,3.08
2018-11-19,2.2,252.594,115.9859,20.1,3.06
2018-11-20,2.2,252.594,116.2367,22.48,3.06
2018-11-21,2.2,252.594,116.092,20.8,3.06
2018-11-22,2.2,252.594,116.092,20.8,3.06
2018-11-23,2.2,252.594,116.4713,21.52,3.05
2018-11-26,2.2,252.594,116.6208,18.9,3.07
2018-11-27,2.2,252.594,116.9001,19.02,3.06
2018-11-28,2.2,252.594,116.8343,18.49,3.06
2018-11-29,2.2,252.594,116.1961,18.79,3.03
2018-11-30,2.2,252.594,116.413,18.07,3.01
2018-12-01,2.27,252.767,116.413,18.07,3.01
2018-12-03,2.27,252.767,115.9057,16.44,2.98
2018-12-04,2.27,252.767,116.0028,20.74,2.91
2018-12-05,2.27,252.767,116.0028,20.74,2.91
2018-12-06,2.27,252.767,116.3991,21.19,2.87
2018-12-07,2.27,252.767,116.0847,23.23,2.85
2018-12-10,2.27,252.767,116.6746,22.64,2.85
2018-12-11,2.27,252.767,116.7564,21.76,2.89
2018-12-12,2.27,252.767,116.2214,21.46,2.91
2018-12-13,2.27,252.767,116.3974,20.65,2.91
2018-12-14,2.27,252.767,116.79,21.63,2.89
2018-12-17,2.27,252.767,116.4532,24.52,2.86
2018-12-18,2.27,252.767,116.4127,25.58,2.82
2018-12-19,2.27,252.767,116.0676,25.58,2.77
2018-12-20,2.27,252.767,116.0183,28.38,2.79
2018-12-21,2.27,252.767,116.2227,30.11,2.79
2018-12-24,2.27,252.767,116.2182,36.07,2.74
2018-12-25,2.27,252.767,116.2182,36.07,2.74
2018-12-26,2.27,252.767,116.1162,30.41,2.81
2018-12-27,2.27,252.767,115.9927,29.96,2.77
2018-12-28,2.27,252.767,115.7232,28.34,2.72
2018-12-31,2.27,252.767,115.5674,25.42,2.69
2019-01-01,2.4,252.561,115.5674,25.42,2.69
2019-01-02,2.4,252.561,115.7689,23.22,2.66
2019-01-03,2.4,252.561,115.4622,25.45,2.56
2019-01-04,2.4,252.561,114.9821,21.38,2.67
2019-01-07,2.4,252.561,114.5628,21.4,2.7
2019-01-08,2.4,252.561,114.7281,20.47,2.73
2019-01-09,2.4,252.561,114.1406,19.98,2.74
2019-01-10,2.4,252.561,114.0496,19.5,2.74
2019-01-11,2.4,252.561,114.0404,18.19,2.71
2019-01-14,2.4,252.561,114.0404,19.07,2.71
2019-01-15,2.4,252.561,114.3402,18.6,2.72
2019-01-16,2.4,252.561,114.137,19.04,2.73
2019-01-17,2.4,252.561,114.4115,18.06,2.75
2019-01-18,2.4,252.561,114.558,17.8,2.79
2019-01-21,2.4,252.561,114.558,17.8,2.79
2019-01-22,2.4,252.561,114.7541,20.8,2.74
2019-01-23,2.4,252.561,114.5759,19.52,2.76
2019-01-24,2.4,252.561,114.617,18.89,2.72
2019-01-25,2.4,252.561,114.0197,17.42,2.76
2019-01-28,2.4,252.561,114.0522,18.87,2.75
2019-01-29,2.4,252.561,114.026,19.13,2.72
2019-01-30,2.4,252.561,114.0731,17.66,2.7
2019-01-31,2.4,252.561,113.5504,16.57,2.63
2019-02-01,2.4,253.319,113.7548,16.14,2.7
2019-02-04,2.4,253.319,113.8766,15.73,2.73
2019-02-05,2.4,253.319,114.0431,15.57,2.71
2019-02-06,2.4,253.319,114.2305,15.38,2.7
2019-02-07,2.4,253.319,114.4339,16.37,2.65
2019-02-08,2.4,253.319,114.5003,15.72,2.63
2019-02-11,2.4,253.319,115.031,15.97,2.65
2019-02-12,2.4,253.319,114.7297,15.43,2.68
2019-02-13,2.4,253.319,114.9407,15.65,2.71
2019-02-14,2.4,253.319,115.1007,16.22,2.66
2019-02-15,2.4,253.319,114.9923,14.91,2.66
2019-02-18,2.4,253.319,114.9923,14.91,2.66
2019-02-19,2.4,253.319,114.57,14.88,2.65
2019-02-20,2.4,253.319,114.57,14.02,2.65
2019-02-21,2.4,253.319,114.5091,14.46,2.69
2019-02-22,2.4,253.319,114.2716,13.51,2.65
2019-02-25,2.4,253.319,114.1457,14.85,2.67
2019-02-26,2.4,253.319,114.0687,15.17,2.64
2019-02-27,2.4,253.319,114.0363,14.7,2.69
2019-02-28,2.4,253.319,114.1991,14.78,2.73
2019-03-01,2.41,254.277,114.537,13.57,2.76
2019-03-04,2.41,254.277,114.6925,14.63,2.72
2019-03-05,2.41,254.277,114.804,14.74,2.72
2019-03-06,2.41,254.277,114.9714,15.74,2.69
2019-03-07,2.41,254.277,115.4919,16.59,2.64
2019-03-08,2.41,254.277,115.3599,16.05,2.62
2019-03-11,2.41,254.277,115.2967,14.33,2.64
2019-03-12,2.41,254.277,114.939,13.77,2.61
2019-03-13,2.41,254.277,114.7372,13.41,2.61
2019-03-14,2.41,254.277,114.79,13.5,2.63
2019-03-15,2.41,254.277,114.5815,12.88,2.59
2019-03-18,2.41,254.277,114.4375,13.1,2.6
2019-03-19,2.41,254.277,114.2324,13.56,2.61
2019-03-20,2.41,254.277,114.1509,13.91,2.54
2019-03-21,2.41,254.277,114.1684,13.63,2.54
2019-03-22,2.41,254.277,114.6856,16.48,2.44
2019-03-25,2.41,254.277,114.4171,16.33,2.43
2019-03-26,2.41,254.277,114.6414,14.68,2.41
2019-03-27,2.41,254.277,115.1243,15.15,2.39
2019-03-28,2.41,254.277,115.2581,14.43,2.39
2019-03-29,2.41,254.277,115.1371,13.71,2.41
2019-04-01,2.42,255.233,114.9362,13.4,2.49
2019-04-02,2.42,255.233,115.1173,13.36,2.48
2019-04-03,2.42,255.233,114.7211,13.74,2.52
2019-04-04,2.42,255.233,114.9697,13.58,2.51
2019-04-05,2.42,255.233,114.9726,12.82,2.5
2019-04-08,2.42,255.233,114.6893,13.18,2.52
2019-04-09,2.42,255.233,114.5321,14.28,2.51
2019-04-10,2.42,255.233,114.4269,13.3,2.48
2019-04-11,2.42,255.233,114.6303,13.02,2.51
2019-04-12,2.42,255.233,114.3531,12.01,2.56
2019-04-15,2.42,255.233,114.495,12.32,2.55
2019-04-16,2.42,255.233,114.6756,12.18,2.6
2019-04-17,2.42,255.233,114.5141,12.6,2.59
2019-04-18,2.42,255.233,114.7073,12.09,2.57
2019-04-19,2.42,255.233,114.6977,12.09,2.57
2019-04-22,2.42,255.233,114.7694,12.42,2.59
2019-04-23,2.42,255.233,115.1578,12.28,2.57
2019-04-24,2.42,255.233,115.4187,13.14,2.53
2019-04-25,2.42,255.233,115.7709,13.25,2.54
2019-04-26,2.42,255.233,115.4767,12.73,2.51
2019-04-29,2.42,255.233,115.5227,13.11,2.54
2019-04-30,2.42,255.233,115.3281,13.12,2.51
2019-05-01,2.39,255.296,115.0022,14.8,2.52
2019-05-02,2.39,255.296,115.5617,14.42,2.55
2019-05-03,2.39,255.296,115.2646,12.87,2.54
2019-05-06,2.39,255.296,115.3811,15.44,2.51
2019-05-07,2.39,255.296,115.6116,19.32,2.45
2019-05-08,2.39,255.296,115.5171,19.4,2.49
2019-05-09,2.39,255.296,115.8421,19.1,2.45
2019-05-10,2.39,255.296,115.5334,16.04,2.47
2019-05-13,2.39,255.296,115.915,20.55,2.4
2019-05-14,2.39,255.296,115.9425,18.06,2.42
2019-05-15,2.39,255.296,115.8565,16.44,2.37
2019-05-16,2.39,255.296,116.0346,15.29,2.4
2019-05-17,2.39,255.296,116.448,15.96,2.39
2019-05-20,2.39,255.296,116.3119,16.31,2.41
2019-05-21,2.39,255.296,116.2844,14.95,2.43
2019-05-22,2.39,255.296,116.2412,14.75,2.39
2019-05-23,2.39,255.296,116.2368,16.92,2.31
2019-05-24,2.39,255.296,116.0806,15.85,2.32
2019-05-27,2.39,255.296,116.0806,15.85,2.32
2019-05-28,2.39,255.296,116.3174,17.5,2.26
2019-05-29,2.39,255.296,116.5535,17.9,2.25
2019-05-30,2.39,255.296,116.3989,17.3,2.22
2019-05-31,2.39,255.296,116.7273,18.71,2.14
2019-06-01,2.38,255.213,116.7273,18.71,2.14
2019-06-03,2.38,255.213,116.4764,18.86,2.07
2019-06-04,2.38,255.213,116.091,16.97,2.12
2019-06-05,2.38,255.213,116.03,16.09,2.12
2019-06-06,2.38,255.213,115.9771,15.93,2.12
2019-06-07,2.38,255.213,115.7368,16.3,2.09
2019-06-10,2.38,255.213,115.5001,15.94,2.15
2019-06-11,2.38,255.213,115.3794,15.99,2.15
2019-06-12,2.38,255.213,115.438,15.91,2.13
2019-06-13,2.38,255.213,115.6275,15.82,2.1
2019-06-14,2.38,255.213,115.9057,15.28,2.09
2019-06-17,2.38,255.213,115.9684,15.35,2.09
2019-06-18,2.38,255.213,115.8797,15.15,2.06
2019-06-19,2.38,255.213,115.7889,14.33,2.03
2019-06-20,2.38,255.213,114.8046,14.75,2.01
2019-06-21,2.38,255.213,114.8377,15.4,2.07
2019-06-24,2.38,255.213,114.6559,15.26,2.02
2019-06-25,2.38,255.213,114.6363,16.28,2.0
2019-06-26,2.38,255.213,114.5608,16.21,2.05
2019-06-27,2.38,255.213,114.665,15.82,2.01
2019-06-28,2.38,255.213,114.5821,15.08,2.0
2019-07-01,2.4,255.802,114.7239,14.06,2.03
2019-07-02,2.4,255.802,114.8258,12.93,1.98
2019-07-03,2.4,255.802,114.8135,12.57,1.96
2019-07-04,2.4,255.802,114.8135,12.57,1.96
2019-07-05,2.4,255.802,115.1132,13.28,2.04
2019-07-08,2.4,255.802,115.0254,13.96,2.05
2019-07-09,2.4,255.802,115.1017,14.09,2.07
2019-07-10,2.4,255.802,115.0879,13.03,2.07
2019-07-11,2.4,255.802,114.8361,12.93,2.13
2019-07-12,2.4,255.802,114.7685,12.39,2.12
2019-07-15,2.4,255.802,114.6819,12.68,2.09
2019-07-16,2.4,255.802,115.0111,12.86,2.13
2019-07-17,2.4,255.802,114.8819,13.97,2.06
2019-07-18,2.4,255.802,114.8744,13.53,2.04
2019-07-19,2.4,255.802,114.8695,14.45,2.05
2019-07-22,2.4,255.802,115.0018,13.53,2.05
2019-07-23,2.4,255.802,115.2995,12.61,2.08
2019-07-24,2.4,255.802,115.2436,12.07,2.05
2019-07-25,2.4,255.802,115.2982,12.74,2.08
2019-07-26,2.4,255.802,115.5449,12.16,2.08
2019-07-29,2.4,255.802,115.5885,12.83,2.06
2019-07-30,2.4,255.802,115.6211,13.94,2.06
2019-07-31,2.4,255.802,115.4946,16.12,2.02
2019-08-01,2.13,256.036,116.0499,17.87,1.9
2019-08-02,2.13,256.036,116.1864,17.61,1.86
2019-08-05,2.13,256.036,116.5851,24.59,1.75
2019-08-06,2.13,256.036,116.6904,20.17,1.73
2019-08-07,2.13,256.036,116.7987,19.49,1.71
2019-08-08,2.13,256.036,116.474,16.91,1.72
2019-08-09,2.13,256.036,116.4419,17.97,1.74
2019-08-12,2.13,256.036,116.7548,21.09,1.65
2019-08-13,2.13,256.036,116.7267,17.52,1.68
2019-08-14,2.13,256.036,117.0913,22.1,1.59
2019-08-15,2.13,256.036,117.2239,21.18,1.52
2019-08-16,2.13,256.036,117.0786,18.47,1.55
2019-08-19,2.13,256.036,117.3886,16.88,1.6
2019-08-20,2.13,256.036,117.3726,17.5,1.55
2019-08-21,2.13,256.036,117.1764,15.8,1.59
2019-08-22,2.13,256.036,117.3558,16.68,1.62
2019-08-23,2.13,256.036,117.3009,19.87,1.52
2019-08-26,2.13,256.036,117.6658,19.32,1.54
2019-08-27,2.13,256.036,117.75,20.31,1.49
2019-08-28,2.13,256.036,117.8767,19.35,1.47
2019-08-29,2.13,256.036,118.0625,17.88,1.5
2019-08-30,2.13,256.036,118.1575,18.98,1.5
2019-09-01,2.04,256.43,118.1575,18.98,1.5
2019-09-02,2.04,256.43,118.1575,18.98,1.5
2019-09-03,2.04,256.43,118.3113,19.66,1.47
2019-09-04,2.04,256.43,117.6729,17.33,1.47
2019-09-05,2.04,256.43,117.4776,16.27,1.57
2019-09-06,2.04,256.43,117.1292,15.0,1.55
2019-09-09,2.04,256.43,117.0601,15.27,1.63
2019-09-10,2.04,256.43,117.0887,15.2,1.72
2019-09-11,2.04,256.43,117.3125,14.61,1.75
2019-09-12,2.04,256.43,116.8375,14.22,1.79
2019-09-13,2.04,256.43,116.7677,13.74,1.9
2019-09-16,2.04,256.43,117.0251,14.67,1.84
2019-09-17,2.04,256.43,116.9826,14.44,1.81
2019-09-18,2.04,256.43,116.9766,13.95,1.8
2019-09-19,2.04,256.43,117.0861,14.05,1.79
2019-09-20,2.04,256.43,117.1819,15.32,1.74
2019-09-23,2.04,256.43,117.2986,14.91,1.72
2019-09-24,2.04,256.43,117.2227,17.05,1.64
2019-09-25,2.04,256.43,117.6527,15.96,1.73
2019-09-26,2.04,256.43,117.7267,16.07,1.7
2019-09-27,2.04,256.43,117.7218,17.22,1.69
2019-09-30,2.04,256.43,117.9461,16.24,1.68
2019-10-01,1.83,257.155,117.9595,18.56,1.65
2019-10-02,1.83,257.155,117.9671,20.56,1.6
2019-10-03,1.83,257.155,117.6608,19.12,1.54
2019-10-04,1.83,257.155,117.5288,17.04,1.52
2019-10-07,1.83,257.155,117.5533,17.86,1.56
2019-10-08,1.83,257.155,117.7407,20.28,1.54
2019-10-09,1.83,257.155,117.6835,18.64,1.59
2019-10-10,1.83,257.155,117.2801,17.57,1.67
2019-10-11,1.83,257.155,116.8239,15.58,1.76
2019-10-14,1.83,257.155,116.8239,14.57,1.76
2019-10-15,1.83,257.155,116.8111,13.54,1.77
2019-10-16,1.83,257.155,116.6425,13.68,1.75
2019-10-17,1.83,257.155,116.2615,13.79,1.76
2019-10-18,1.83,257.155,116.1344,14.25,1.76
2019-10-21,1.83,257.155,116.0436,14.0,1.8
2019-10-22,1.83,257.155,115.9851,14.46,1.78
2019-10-23,1.83,257.155,116.0586,14.01,1.77
2019-10-24,1.83,257.155,116.1278,13.71,1.77
2019-10-25,1.83,257.155,116.0774,12.65,1.8
2019-10-28,1.83,257.155,116.0222,13.11,1.85
2019-10-29,1.83,257.155,115.9797,13.2,1.84
2019-10-30,1.83,257.155,116.1636,12.33,1.78
2019-10-31,1.83,257.155,115.9125,13.22,1.69
2019-11-01,1.55,257.879,115.7312,12.3,1.73
2019-11-04,1.55,257.879,115.8624,12.83,1.79
2019-11-05,1.55,257.879,116.1138,13.1,1.86
2019-11-06,1.55,257.879,116.1004,12.62,1.81
2019-11-07,1.55,257.879,116.1172,12.73,1.92
2019-11-08,1.55,257.879,116.3436,12.07,1.94
2019-11-11,1.55,257.879,116.3436,12.69,1.94
2019-11-12,1.55,257.879,116.5837,12.68,1.92
2019-11-13,1.55,257.879,116.8397,13.0,1.88
2019-11-14,1.55,257.879,116.8022,13.05,1.82
2019-11-15,1.55,257.879,116.4401,12.05,1.84
2019-11-18,1.55,257.879,116.3625,12.46,1.81
2019-11-19,1.55,257.879,116.5391,12.86,1.79
2019-11-20,1.55,257.879,116.828,12.78,1.73
2019-11-21,1.55,257.879,116.7435,13.13,1.77
2019-11-22,1.55,257.879,116.9137,12.34,1.77
2019-11-25,1.55,257.879,117.0098,11.87,1.76
2019-11-26,1.55,257.879,117.0513,11.54,1.74
2019-11-27,1.55,257.879,117.1273,11.75,1.77
2019-11-28,1.55,257.879,117.1273,11.75,1.77
2019-11-29,1.55,257.879,117.1204,12.62,1.78
2019-12-01,1.55,258.63,117.1204,12.62,1.78
2019-12-02,1.55,258.63,116.9647,14.91,1.83
2019-12-03,1.55,258.63,116.8898,15.96,1.72
2019-12-04,1.55,258.63,116.692,14.8,1.77
2019-12-05,1.55,258.63,116.3838,14.52,1.8
2019-12-06,1.55,258.63,116.5381,13.62,1.84
2019-12-09,1.55,258.63,116.3283,15.86,1.83
2019-12-10,1.55,258.63,116.2542,15.68,1.85
2019-12-11,1.55,258.63,116.1478,14.99,1.79
2019-12-12,1.55,258.63,115.8741,13.94,1.9
2019-12-13,1.55,258.63,115.6967,12.63,1.82
2019-12-16,1.55,258.63,115.555,12.14,1.89
2019-12-17,1.55,258.63,115.5553,12.29,1.89
2019-12-18,1.55,258.63,115.6618,12.58,1.92
2019-12-19,1.55,258.63,115.5988,12.5,1.92
2019-12-20,1.55,258.63,115.7598,12.51,1.92
2019-12-23,1.55,258.63,115.8059,12.61,1.93
2019-12-24,1.55,258.63,115.8059,12.67,1.9
2019-12-25,1.55,258.63,115.8059,12.67,1.9
2019-12-26,1.55,258.63,115.634,12.65,1.9
2019-12-27,1.55,258.63,115.22,13.43,1.88
2019-12-30,1.55,258.63,114.9631,14.82,1.9
2019-12-31,1.55,258.63,114.669,13.78,1.92
2020-01-01,1.55,259.127,114.669,13.78,1.92
2020-01-02,1.55,259.127,114.9745,12.47,1.88
2020-01-03,1.55,259.127,114.9867,14.02,1.8
2020-01-06,1.55,259.127,114.9557,13.85,1.81
2020-01-07,1.55,259.127,115.1477,13.79,1.83
2020-01-08,1.55,259.127,115.1328,13.45,1.87
2020-01-09,1.55,259.127,115.2331,12.54,1.85
2020-01-10,1.55,259.127,115.0677,12.56,1.83
2020-01-13,1.55,259.127,115.0342,12.32,1.85
2020-01-14,1.55,259.127,115.0239,12.39,1.82
2020-01-15,1.55,259.127,114.9528,12.42,1.79
2020-01-16,1.55,259.127,115.0006,12.32,1.81
2020-01-17,1.55,259.127,115.0656,12.1,1.84
2020-01-20,1.55,259.127,115.0656,12.1,1.84
2020-01-21,1.55,259.127,115.1876,12.85,1.78
2020-01-22,1.55,259.127,115.2273,12.91,1.77
2020-01-23,1.55,259.127,115.5545,12.98,1.74
2020-01-24,1.55,259.127,115.5556,14.56,1.7
2020-01-27,1.55,259.127,115.8004,18.23,1.61
2020-01-28,1.55,259.127,115.7239,16.28,1.65
2020-01-29,1.55,259.127,115.7003,16.39,1.6
2020-01-30,1.55,259.127,115.8077,15.49,1.57
2020-01-31,1.55,259.127,115.7345,18.84,1.51
2020-02-01,1.58,259.25,115.7345,18.84,1.51
2020-02-03,1.58,259.25,116.1172,17.97,1.54
2020-02-04,1.58,259.25,115.9291,16.05,1.61
2020-02-05,1.58,259.25,116.009,15.15,1.66
2020-02-06,1.58,259.25,116.1518,14.96,1.65
2020-02-07,1.58,259.25,116.5086,15.47,1.59
2020-02-10,1.58,259.25,116.5711,15.04,1.56
2020-02-11,1.58,259.25,116.3585,15.18,1.59
2020-02-12,1.58,259.25,116.2794,13.74,1.62
2020-02-13,1.58,259.25,116.3999,14.15,1.61
2020-02-14,1.58,259.25,116.4223,13.68,1.59
2020-02-17,1.58,259.25,116.4223,13.68,1.59
2020-02-18,1.58,259.25,116.6039,14.83,1.55
2020-02-19,1.58,259.25,116.7829,14.38,1.56
2020-02-20,1.58,259.25,117.2454,15.56,1.52
2020-02-21,1.58,259.25,117.0473,17.08,1.46
2020-02-24,1.58,259.25,117.4018,25.03,1.38
2020-02-25,1.58,259.25,117.2425,27.85,1.33
2020-02-26,1.58,259.25,117.405,27.56,1.33
2020-02-27,1.58,259.25,117.3678,39.16,1.3
2020-02-28,1.58,259.25,117.6568,40.11,1.13
2020-03-01,0.65,258.076,117.6568,40.11,1.13
2020-03-02,0.65,258.076,116.8144,33.42,1.1
2020-03-03,0.65,258.076,116.4958,36.82,1.02
2020-03-04,0.65,258.076,116.7802,31.99,1.02
2020-03-05,0.65,258.076,116.7901,39.62,0.92
2020-03-06,0.65,258.076,116.7106,41.94,0.74
2020-03-09,0.65,258.076,117.1871,54.46,0.54
2020-03-10,0.65,258.076,117.9027,47.3,0.76
2020-03-11,0.65,258.076,118.2505,53.9,0.82
2020-03-12,0.65,258.076,120.4883,75.47,0.88
2020-03-13,0.65,258.076,120.4388,57.83,0.94
2020-03-16,0.65,258.076,120.9352,82.69,0.73
2020-03-17,0.65,258.076,122.4816,75.91,1.02
2020-03-18,0.65,258.076,124.1623,76.45,1.18
2020-03-19,0.65,258.076,125.0587,72.0,1.12
2020-03-20,0.65,258.076,124.9362,66.04,0.92
2020-03-23,0.65,258.076,126.1262,61.59,0.76
2020-03-24,0.65,258.076,125.5001,61.67,0.84
2020-03-25,0.65,258.076,124.7916,63.95,0.88
2020-03-26,0.65,258.076,122.4308,61.0,0.83
2020-03-27,0.65,258.076,122.4007,65.54,0.72
2020-03-30,0.65,258.076,123.2883,57.08,0.7
2020-03-31,0.65,258.076,122.5301,53.54,0.7
2020-04-01,0.05,256.032,123.7933,57.06,0.62
2020-04-02,0.05,256.032,123.5916,50.91,0.63
2020-04-03,0.05,256.032,124.4152,46.8,0.62
2020-04-06,0.05,256.032,124.16,45.24,0.67
2020-04-07,0.05,256.032,123.0956,46.7,0.75
2020-04-08,0.05,256.032,123.2216,43.35,0.77
2020-04-09,0.05,256.032,122.476,41.67,0.73
2020-04-10,0.05,256.032,122.1592,41.67,0.73
2020-04-13,0.05,256.032,122.5203,41.17,0.76
2020-04-14,0.05,256.032,122.1121,37.76,0.76
2020-04-15,0.05,256.032,123.0752,40.84,0.63
2020-04-16,0.05,256.032,123.4615,40.11,0.61
2020-04-17,0.05,256.032,122.871,38.15,0.65
2020-04-20,0.05,256.032,123.1033,43.83,0.63
2020-04-21,0.05,256.032,123.9116,45.41,0.58
2020-04-22,0.05,256.032,123.9256,41.98,0.63
2020-04-23,0.05,256.032,123.7542,41.38,0.61
2020-04-24,0.05,256.032,124.1615,35.93,0.6
2020-04-27,0.05,256.032,123.8843,33.29,0.67
2020-04-28,0.05,256.032,123.3693,33.57,0.62
2020-04-29,0.05,256.032,122.7782,31.23,0.63
2020-04-30,0.05,256.032,122.327,34.15,0.64
2020-05-01,0.05,255.802,123.1492,37.19,0.64
2020-05-04,0.05,255.802,123.2117,35.97,0.64
2020-05-05,0.05,255.802,122.803,33.61,0.66
2020-05-06,0.05,255.802,123.609,34.12,0.72
2020-05-07,0.05,255.802,123.1249,31.44,0.63
2020-05-08,0.05,255.802,122.5379,27.98,0.69
2020-05-11,0.05,255.802,123.2333,27.57,0.73
2020-05-12,0.05,255.802,123.0592,33.04,0.69
2020-05-13,0.05,255.802,123.5408,35.28,0.64
2020-05-14,0.05,255.802,123.6429,32.61,0.63
2020-05-15,0.05,255.802,123.5991,31.89,0.64
2020-05-18,0.05,255.802,122.7968,29.3,0.73
2020-05-19,0.05,255.802,122.5655,30.53,0.7
2020-05-20,0.05,255.802,122.1007,27.99,0.68
2020-05-21,0.05,255.802,122.0914,29.53,0.68
2020-05-22,0.05,255.802,122.3211,28.16,0.66
2020-05-25,0.05,255.802,122.3211,28.16,0.66
2020-05-26,0.05,255.802,121.3864,28.01,0.69
2020-05-27,0.05,255.802,121.5677,27.62,0.68
2020-05-28,0.05,255.802,121.0138,28.59,0.7
2020-05-29,0.05,255.802,120.9458,27.51,0.65
2020-06-01,0.08,257.042,120.2686,28.23,0.66
2020-06-02,0.08,257.042,119.6854,26.84,0.68
2020-06-03,0.08,257.042,119.2556,25.66,0.77
2020-06-04,0.08,257.042,119.3014,25.81,0.82
2020-06-05,0.08,257.042,118.8138,24.52,0.91
2020-06-08,0.08,257.042,118.6621,25.81,0.88
2020-06-09,0.08,257.042,118.5893,27.57,0.84
2020-06-10,0.08,257.042,118.5231,27.57,0.75
2020-06-11,0.08,257.042,119.2347,40.79,0.66
2020-06-12,0.08,257.042,119.6645,36.09,0.71
2020-06-15,0.08,257.042,119.9539,34.4,0.71
2020-06-16,0.08,257.042,119.567,33.67,0.75
2020-06-17,0.08,257.042,119.9105,33.47,0.74
2020-06-18,0.08,257.042,120.2173,32.94,0.71
2020-06-19,0.08,257.042,120.2186,35.12,0.7
2020-06-22,0.08,257.042,119.7532,31.77,0.71
2020-06-23,0.08,257.042,119.3285,31.37,0.72
2020-06-24,0.08,257.042,119.9744,33.84,0.69
2020-06-25,0.08,257.042,120.2997,32.22,0.68
2020-06-26,0.08,257.042,120.533,34.73,0.64
2020-06-29,0.08,257.042,120.6658,31.78,0.64
2020-06-30,0.08,257.042,120.4649,30.43,0.66
2020-07-01,0.09,258.352,120.0808,28.62,0.69
2020-07-02,0.09,258.352,119.8555,27.68,0.68
2020-07-03,0.09,258.352,119.8555,27.68,0.68
2020-07-06,0.09,258.352,119.2852,27.94,0.69
2020-07-07,0.09,258.352,119.5717,29.43,0.65
2020-07-08,0.09,258.352,119.5525,28.08,0.67
2020-07-09,0.09,258.352,119.5129,29.26,0.62
2020-07-10,0.09,258.352,119.3509,27.29,0.65
2020-07-13,0.09,258.352,119.1891,32.19,0.64
2020-07-14,0.09,258.352,119.3901,29.52,0.63
2020-07-15,0.09,258.352,119.0331,27.76,0.64
2020-07-16,0.09,258.352,118.9275,28.0,0.62
2020-07-17,0.09,258.352,119.124,25.68,0.64
2020-07-20,0.09,258.352,119.0483,24.46,0.62
2020-07-21,0.09,258.352,118.4042,24.84,0.61
2020-07-22,0.09,258.352,118.1337,24.32,0.6
2020-07-23,0.09,258.352,118.0613,26.08,0.59
2020-07-24,0.09,258.352,118.1329,25.84,0.59
2020-07-27,0.09,258.352,117.3869,24.74,0.62
2020-07-28,0.09,258.352,117.3189,25.44,0.59
2020-07-29,0.09,258.352,117.2126,24.1,0.58
2020-07-30,0.09,258.352,117.4008,24.76,0.55
2020-07-31,0.09,258.352,117.2082,24.46,0.55
2020-08-01,0.1,259.316,117.2082,24.46,0.55
2020-08-03,0.1,259.316,117.8074,24.28,0.56
2020-08-04,0.1,259.316,117.7833,23.76,0.52
2020-08-05,0.1,259.316,116.8736,22.99,0.55
2020-08-06,0.1,259.316,117.0422,22.65,0.55
2020-08-07,0.1,259.316,117.6239,22.21,0.57
2020-08-10,0.1,259.316,117.5821,22.13,0.59
2020-08-11,0.1,259.316,117.3781,24.03,0.64
2020-08-12,0.1,259.316,117.2559,22.28,0.69
2020-08-13,0.1,259.316,117.1193,22.13,0.71
2020-08-14,0.1,259.316,116.9395,22.05,0.71
2020-08-17,0.1,259.316,116.749,21.35,0.69
2020-08-18,0.1,259.316,116.5593,21.51,0.67
2020-08-19,0.1,259.316,116.567,22.54,0.68
2020-08-20,0.1,259.316,116.8126,22.72,0.65
2020-08-21,0.1,259.316,117.0572,22.54,0.64
2020-08-24,0.1,259.316,116.912,22.37,0.65
2020-08-25,0.1,259.316,116.8206,22.03,0.69
2020-08-26,0.1,259.316,116.6243,23.27,0.69
2020-08-27,0.1,259.316,116.649,24.47,0.74
2020-08-28,0.1,259.316,115.9374,22.96,0.74
2020-08-31,0.1,259.316,115.7586,26.41,0.72
2020-09-01,0.09,259.997,115.5687,26.12,0.68
2020-09-02,0.09,259.997,116.0304,26.57,0.66
2020-09-03,0.09,259.997,116.0685,33.6,0.63
2020-09-04,0.09,259.997,116.0347,30.75,0.72
2020-09-07,0.09,259.997,116.0347,30.75,0.72
2020-09-08,0.09,259.997,116.4618,31.46,0.69
2020-09-09,0.09,259.997,116.1291,28.81,0.71
2020-09-10,0.09,259.997,115.8806,29.71,0.68
2020-09-11,0.09,259.997,116.0866,26.87,0.67
2020-09-14,0.09,259.997,115.6428,25.85,0.68
2020-09-15,0.09,259.997,115.5908,25.59,0.68
2020-09-16,0.09,259.997,115.3537,26.04,0.69
2020-09-17,0.09,259.997,115.4392,26.46,0.69
2020-09-18,0.09,259.997,115.2395,25.83,0.7
2020-09-21,0.09,259.997,116.378,27.78,0.68
2020-09-22,0.09,259.997,116.5438,26.86,0.68
2020-09-23,0.09,259.997,117.2526,28.58,0.68
2020-09-24,0.09,259.997,117.5473,28.51,0.67
2020-09-25,0.09,259.997,117.8679,26.38,0.66
2020-09-28,0.09,259.997,117.6178,26.19,0.67
2020-09-29,0.09,259.997,117.526,26.27,0.66
2020-09-30,0.09,259.997,116.946,26.37,0.69
2020-10-01,0.09,260.319,116.7227,26.7,0.68
2020-10-02,0.09,260.319,116.7321,27.63,0.7
2020-10-05,0.09,260.319,116.1767,27.96,0.78
2020-10-06,0.09,260.319,116.2681,29.48,0.76
2020-10-07,0.09,260.319,116.3447,28.06,0.81
2020-10-08,0.09,260.319,116.1657,26.36,0.78
2020-10-09,0.09,260.319,115.2757,25.0,0.79
2020-10-12,0.09,260.319,115.2757,25.07,0.79
2020-10-13,0.09,260.319,115.9107,26.07,0.74
2020-10-14,0.09,260.319,115.6872,26.4,0.73
2020-10-15,0.09,260.319,116.0964,26.97,0.74
2020-10-16,0.09,260.319,115.7679,27.41,0.76
2020-10-19,0.09,260.319,115.4031,29.18,0.78
2020-10-20,0.09,260.319,115.2485,29.35,0.81
2020-10-21,0.09,260.319,114.9108,28.65,0.83
2020-10-22,0.09,260.319,115.1158,28.11,0.87
2020-10-23,0.09,260.319,115.0126,27.55,0.85
2020-10-26,0.09,260.319,115.2797,32.46,0.81
2020-10-27,0.09,260.319,115.0131,33.35,0.79
2020-10-28,0.09,260.319,115.8023,40.28,0.79
2020-10-29,0.09,260.319,116.3069,37.59,0.85
2020-10-30,0.09,260.319,116.1354,38.02,0.88
2020-11-01,0.09,260.911,116.1354,38.02,0.88
2020-11-02,0.09,260.911,116.2361,37.13,0.87
2020-11-03,0.09,260.911,115.4802,35.55,0.9
2020-11-04,0.09,260.911,115.1677,29.57,0.78
2020-11-05,0.09,260.911,114.4556,27.58,0.79
2020-11-06,0.09,260.911,113.9919,24.86,0.83
2020-11-09,0.09,260.911,114.0895,25.75,0.96
2020-11-10,0.09,260.911,114.0757,24.8,0.98
2020-11-11,0.09,260.911,114.0757,23.45,0.98
2020-11-12,0.09,260.911,114.2843,25.35,0.88
2020-11-13,0.09,260.911,114.2397,23.1,0.89
2020-11-16,0.09,260.911,113.8312,22.45,0.91
2020-11-17,0.09,260.911,113.682,22.71,0.87
2020-11-18,0.09,260.911,113.46,23.84,0.88
2020-11-19,0.09,260.911,113.694,23.11,0.86
2020-11-20,0.09,260.911,113.489,23.7,0.83
2020-11-23,0.09,260.911,113.7548,22.66,0.86
2020-11-24,0.09,260.911,113.4316,21.64,0.88
2020-11-25,0.09,260.911,113.1823,21.25,0.88
2020-11-26,0.09,260.911,113.1823,21.25,0.88
2020-11-27,0.09,260.911,113.1823,20.84,0.84
2020-11-30,0.09,260.911,113.2256,20.57,0.84
2020-12-01,0.09,262.045,112.8063,20.77,0.92
2020-12-02,0.09,262.045,112.6115,21.17,0.95
2020-12-03,0.09,262.045,112.0236,21.28,0.92
2020-12-04,0.09,262.045,111.7778,20.79,0.97
2020-12-07,0.09,262.045,111.8385,21.3,0.94
2020-12-08,0.09,262.045,111.8639,20.68,0.92
2020-12-09,0.09,262.045,112.0305,22.27,0.95
2020-12-10,0.09,262.045,111.9788,22.52,0.92
2020-12-11,0.09,262.045,112.1417,23.31,0.9
2020-12-14,0.09,262.045,112.1708,24.72,0.9
2020-12-15,0.09,262.045,111.8601,22.89,0.92
2020-12-16,0.09,262.045,111.7157,22.5,0.92
2020-12-17,0.09,262.045,111.2226,21.93,0.94
2020-12-18,0.09,262.045,111.6071,21.57,0.95
2020-12-21,0.09,262.045,111.9415,25.16,0.95
2020-12-22,0.09,262.045,112.1947,24.23,0.93
2020-12-23,0.09,262.045,111.9807,23.31,0.96
2020-12-24,0.09,262.045,111.9807,21.53,0.94
2020-12-25,0.09,262.045,111.9807,21.53,0.94
2020-12-28,0.09,262.045,111.9752,21.7,0.94
2020-12-29,0.09,262.045,111.5172,23.08,0.94
2020-12-30,0.09,262.045,111.3084,22.77,0.93
2020-12-31,0.09,262.045,111.3169,22.75,0.93
2021-01-01,0.09,262.687,111.3169,22.75,0.93
2021-01-04,0.09,262.687,111.2075,26.97,0.93
2021-01-05,0.09,262.687,110.9574,25.34,0.96
2021-01-06,0.09,262.687,110.8502,25.07,1.04
2021-01-07,0.09,262.687,111.3042,22.37,1.08
2021-01-08,0.09,262.687,111.2847,21.56,1.13
2021-01-11,0.09,262.687,111.8257,24.08,1.15
2021-01-12,0.09,262.687,111.5501,23.33,1.15
2021-01-13,0.09,262.687,111.3622,22.21,1.1
2021-01-14,0.09,262.687,111.1567,23.25,1.15
2021-01-15,0.09,262.687,111.5106,24.34,1.11
2021-01-18,0.09,262.687,111.5106,24.34,1.11
2021-01-19,0.09,262.687,111.4527,23.24,1.1
2021-01-20,0.09,262.687,111.4527,21.58,1.1
2021-01-21,0.09,262.687,111.1973,21.32,1.12
2021-01-22,0.09,262.687,111.5516,21.91,1.1
2021-01-25,0.09,262.687,111.8676,23.19,1.05
2021-01-26,0.09,262.687,111.6572,23.02,1.05
2021-01-27,0.09,262.687,112.0782,37.21,1.04
2021-01-28,0.09,262.687,112.0059,30.21,1.07
2021-01-29,0.09,262.687,111.9511,33.09,1.11
2021-02-01,0.08,263.579,112.4189,30.24,1.09
2021-02-02,0.08,263.579,112.2862,25.56,1.12
2021-02-03,0.08,263.579,112.2567,22.91,1.15
2021-02-04,0.08,263.579,112.7469,21.77,1.15
2021-02-05,0.08,263.579,112.2379,20.87,1.19
2021-02-08,0.08,263.579,112.0428,21.24,1.19
2021-02-09,0.08,263.579,111.7675,21.63,1.18
2021-02-10,0.08,263.579,111.5834,21.99,1.15
2021-02-11,0.08,263.579,111.5272,21.25,1.16
2021-02-12,0.08,263.579,111.4889,19.97,1.2
2021-02-15,0.08,263.579,111.4889,19.97,1.2
2021-02-16,0.08,263.579,111.7879,21.46,1.3
2021-02-17,0.08,263.579,112.0204,21.5,1.29
2021-02-18,0.08,263.579,112.1603,22.49,1.29
2021-02-19,0.08,263.579,111.7058,22.05,1.34
2021-02-22,0.08,263.579,111.918,23.45,1.37
2021-02-23,0.08,263.579,111.8981,23.11,1.37
2021-02-24,0.08,263.579,111.7212,21.34,1.38
2021-02-25,0.08,263.579,111.9253,28.89,1.54
2021-02-26,0.08,263.579,112.8306,27.95,1.44
2021-03-01,0.07,264.961,112.5263,23.35,1.45
2021-03-02,0.07,264.961,112.5342,24.1,1.42
2021-03-03,0.07,264.961,112.7617,26.67,1.47
2021-03-04,0.07,264.961,112.7037,28.57,1.54
2021-03-05,0.07,264.961,113.7487,24.66,1.56
2021-03-08,0.07,264.961,114.2678,25.47,1.59
2021-03-09,0.07,264.961,113.928,24.03,1.55
2021-03-10,0.07,264.961,113.5881,22.56,1.53
2021-03-11,0.07,264.961,112.9214,21.91,1.54
2021-03-12,0.07,264.961,113.0269,20.69,1.64
2021-03-15,0.07,264.961,113.1928,20.03,1.62
2021-03-16,0.07,264.961,112.9839,19.79,1.62
2021-03-17,0.07,264.961,113.1589,19.23,1.63
2021-03-18,0.07,264.961,112.7744,21.58,1.71
2021-03-19,0.07,264.961,112.9756,20.95,1.74
2021-03-22,0.07,264.961,113.0023,18.88,1.69
2021-03-23,0.07,264.961,113.2916,20.3,1.63
2021-03-24,0.07,264.961,113.6565,21.2,1.62
2021-03-25,0.07,264.961,114.0016,19.81,1.63
2021-03-26,0.07,264.961,113.7406,18.86,1.67
2021-03-29,0.07,264.961,113.9314,20.74,1.73
2021-03-30,0.07,264.961,114.203,19.61,1.73
2021-03-31,0.07,264.961,113.8234,19.4,1.74
2021-04-01,0.07,266.614,113.7389,17.33,1.69
2021-04-02,0.07,266.614,113.7315,17.33,1.72
2021-04-05,0.07,266.614,113.394,17.91,1.73
2021-04-06,0.07,266.614,113.1464,18.12,1.67
2021-04-07,0.07,266.614,113.2436,17.16,1.68
2021-04-08,0.07,266.614,113.0917,16.95,1.64
2021-04-09,0.07,266.614,113.2028,16.69,1.67
2021-04-12,0.07,266.614,113.1815,16.91,1.69
2021-04-13,0.07,266.614,113.0391,16.65,1.64
2021-04-14,0.07,266.614,112.7849,16.99,1.64
2021-04-15,0.07,266.614,112.6181,16.57,1.56
2021-04-16,0.07,266.614,112.4814,16.25,1.59
2021-04-19,0.07,266.614,112.1835,17.29,1.61
2021-04-20,0.07,266.614,112.2354,18.68,1.58
2021-04-21,0.07,266.614,112.1771,17.5,1.57
2021-04-22,0.07,266.614,112.2297,18.71,1.57
2021-04-23,0.07,266.614,112.0889,17.33,1.58
2021-04-26,0.07,266.614,111.8109,17.64,1.58
2021-04-27,0.07,266.614,111.9097,17.56,1.63
2021-04-28,0.07,266.614,111.7909,17.28,1.63
2021-04-29,0.07,266.614,111.7464,17.61,1.65
2021-04-30,0.07,266.614,112.0839,18.61,1.65
2021-05-01,0.06,268.383,112.0839,18.61,1.65
2021-05-03,0.06,268.383,112.005,18.31,1.63
2021-05-04,0.06,268.383,112.2896,19.48,1.61
2021-05-05,0.06,268.383,112.1514,19.15,1.59
2021-05-06,0.06,268.383,111.8401,18.39,1.58
2021-05-07,0.06,268.383,111.0249,16.69,1.6
2021-05-10,0.06,268.383,110.7905,19.66,1.63
2021-05-11,0.06,268.383,110.8921,21.84,1.64
2021-05-12,0.06,268.383,111.5636,27.59,1.69
2021-05-13,0.06,268.383,111.5955,23.13,1.66
2021-05-14,0.06,268.383,111.1353,18.81,1.63
2021-05-17,0.06,268.383,111.079,19.72,1.64
2021-05-18,0.06,268.383,110.8317,21.34,1.64
2021-05-19,0.06,268.383,110.8807,22.18,1.68
2021-05-20,0.06,268.383,110.8605,20.67,1.63
2021-05-21,0.06,268.383,111.0576,20.15,1.63
2021-05-24,0.06,268.383,110.9118,18.4,1.61
2021-05-25,0.06,268.383,110.842,18.84,1.56
2021-05-26,0.06,268.383,110.8677,17.36,1.58
2021-05-27,0.06,268.383,110.8688,16.74,1.61
2021-05-28,0.06,268.383,110.7576,16.76,1.58
2021-05-31,0.06,268.383,110.7576,16.76,1.58
2021-06-01,0.08,270.654,110.5046,17.9,1.62
2021-06-02,0.08,270.654,110.5799,17.48,1.59
2021-06-03,0.08,270.654,111.1782,18.04,1.63
2021-06-04,0.08,270.654,110.7521,16.42,1.56
2021-06-07,0.08,270.654,110.5155,16.42,1.57
2021-06-08,0.08,270.654,110.649,17.07,1.53
2021-06-09,0.08,270.654,110.5707,17.89,1.5
2021-06-10,0.08,270.654,110.5456,16.1,1.45
2021-06-11,0.08,270.654,111.0933,15.65,1.47
2021-06-14,0.08,270.654,110.9659,16.39,1.51
2021-06-15,0.08,270.654,111.3507,17.02,1.51
2021-06-16,0.08,270.654,111.1165,18.15,1.57
2021-06-17,0.08,270.654,112.5772,17.75,1.52
2021-06-18,0.08,270.654,113.0408,20.7,1.45
2021-06-21,0.08,270.654,112.8391,17.89,1.5
2021-06-22,0.08,270.654,112.9174,16.66,1.48
2021-06-23,0.08,270.654,112.3819,16.32,1.5
2021-06-24,0.08,270.654,112.326,15.97,1.49
2021-06-25,0.08,270.654,111.9655,15.62,1.54
2021-06-28,0.08,270.654,112.0248,15.76,1.49
2021-06-29,0.08,270.654,112.2613,16.02,1.49
2021-06-30,0.08,270.654,112.5533,15.83,1.45
2021-07-01,0.1,271.903,112.74,15.48,1.48
2021-07-02,0.1,271.903,112.5425,15.07,1.44
2021-07-05,0.1,271.903,112.5425,15.07,1.44
2021-07-06,0.1,271.903,112.9516,16.44,1.37
2021-07-07,0.1,271.903,113.1048,16.2,1.33
2021-07-08,0.1,271.903,113.0776,19.0,1.3
2021-07-09,0.1,271.903,112.8375,16.18,1.37
2021-07-12,0.1,271.903,112.7611,16.17,1.38
2021-07-13,0.1,271.903,113.0063,17.12,1.42
2021-07-14,0.1,271.903,112.8801,16.33,1.37
2021-07-15,0.1,271.903,113.0041,17.01,1.31
2021-07-16,0.1,271.903,113.0428,18.45,1.31
2021-07-19,0.1,271.903,113.5472,22.5,1.19
2021-07-20,0.1,271.903,113.7502,19.73,1.23
2021-07-21,0.1,271.903,113.3926,17.91,1.3
2021-07-22,0.1,271.903,113.4695,17.69,1.27
2021-07-23,0.1,271.903,113.4398,17.2,1.3
2021-07-26,0.1,271.903,113.2238,17.58,1.29
2021-07-27,0.1,271.903,113.2227,19.36,1.25
2021-07-28,0.1,271.903,113.1807,18.31,1.26
2021-07-29,0.1,271.903,112.4834,17.7,1.28
2021-07-30,0.1,271.903,112.6714,18.24,1.24
2021-08-01,0.09,272.676,112.6714,18.24,1.24
2021-08-02,0.09,272.676,112.6691,19.46,1.2
2021-08-03,0.09,272.676,112.8228,18.04,1.19
2021-08-04,0.09,272.676,112.8953,17.97,1.19
2021-08-05,0.09,272.676,112.7674,17.28,1.23
2021-08-06,0.09,272.676,113.3088,16.15,1.31
2021-08-09,0.09,272.676,113.4521,16.72,1.33
2021-08-10,0.09,272.676,113.4973,16.79,1.36
2021-08-11,0.09,272.676,113.282,16.06,1.35
2021-08-12,0.09,272.676,113.2691,15.59,1.36
2021-08-13,0.09,272.676,113.0615,15.45,1.29
2021-08-16,0.09,272.676,113.1698,16.12,1.26
2021-08-17,0.09,272.676,113.6174,17.91,1.26
2021-08-18,0.09,272.676,113.6959,21.57,1.27
2021-08-19,0.09,272.676,114.1106,21.67,1.24
2021-08-20,0.09,272.676,114.5009,18.56,1.26
2021-08-23,0.09,272.676,113.9418,17.15,1.25
2021-08-24,0.09,272.676,113.6795,17.22,1.29
2021-08-25,0.09,272.676,113.6322,16.79,1.35
2021-08-26,0.09,272.676,113.7883,18.84,1.34
2021-08-27,0.09,272.676,113.3404,16.39,1.31
2021-08-30,0.09,272.676,113.246,16.19,1.29
2021-08-31,0.09,272.676,113.1076,16.48,1.3
2021-09-01,0.08,273.91,112.8732,16.11,1.31
2021-09-02,0.08,273.91,112.7863,16.41,1.29
2021-09-03,0.08,273.91,112.5476,16.41,1.33
2021-09-06,0.08,273.91,112.5476,16.41,1.33
2021-09-07,0.08,273.91,112.9795,18.14,1.38
2021-09-08,0.08,273.91,113.2319,17.96,1.35
2021-09-09,0.08,273.91,113.043,18.8,1.3
2021-09-10,0.08,273.91,112.9425,20.95,1.35
2021-09-13,0.08,273.91,113.0341,19.37,1.33
2021-09-14,0.08,273.91,113.0061,19.46,1.28
2021-09-15,0.08,273.91,112.9773,18.18,1.31
2021-09-16,0.08,273.91,113.3036,18.69,1.34
2021-09-17,0.08,273.91,113.5989,20.81,1.37
2021-09-20,0.08,273.91,113.9422,25.71,1.31
2021-09-21,0.08,273.91,113.8179,24.36,1.33
2021-09-22,0.08,273.91,113.6223,20.87,1.32
2021-09-23,0.08,273.91,113.513,18.63,1.41
2021-09-24,0.08,273.91,113.7597,17.75,1.47
2021-09-27,0.08,273.91,113.7432,18.76,1.48
2021-09-28,0.08,273.91,114.2469,23.25,1.54
2021-09-29,0.08,273.91,114.7092,22.56,1.55
2021-09-30,0.08,273.91,114.6403,23.14,1.52
2021-10-01,0.08,276.55,114.3798,21.15,1.48
2021-10-04,0.08,276.55,114.2739,22.96,1.49
2021-10-05,0.08,276.55,114.3654,21.3,1.54
2021-10-06,0.08,276.55,114.7185,21.0,1.53
2021-10-07,0.08,276.55,114.5044,19.54,1.58
2021-10-08,0.08,276.55,114.5986,18.77,1.61
2021-10-11,0.08,276.55,114.5986,20.0,1.61
2021-10-12,0.08,276.55,114.7542,19.85,1.59
2021-10-13,0.08,276.55,114.4705,18.64,1.56
2021-10-14,0.08,276.55,114.2053,16.86,1.52
2021-10-15,0.08,276.55,114.0905,16.3,1.59
2021-10-18,0.08,276.55,113.9899,16.31,1.59
2021-10-19,0.08,276.55,113.647,15.7,1.65
2021-10-20,0.08,276.55,113.5083,15.49,1.65
2021-10-21,0.08,276.55,113.6188,15.01,1.68
2021-10-22,0.08,276.55,113.67,15.43,1.66
2021-10-25,0.08,276.55,113.605,15.24,1.64
2021-10-26,0.08,276.55,113.674,15.98,1.63
2021-10-27,0.08,276.55,113.6218,16.98,1.54
2021-10-28,0.08,276.55,113.4389,16.53,1.57
2021-10-29,0.08,276.55,114.1349,16.26,1.55
2021-11-01,0.08,278.919,114.2067,16.41,1.58
2021-11-02,0.08,278.919,114.2847,16.03,1.56
2021-11-03,0.08,278.919,114.3593,15.1,1.6
2021-11-04,0.08,278.919,114.3558,15.44,1.53
2021-11-05,0.08,278.919,114.0732,16.48,1.45
2021-11-08,0.08,278.919,113.8256,17.22,1.51
2021-11-09,0.08,278.919,113.762,17.78,1.46
2021-11-10,0.08,278.919,114.1484,18.73,1.56
2021-11-11,0.08,278.919,114.1484,17.66,1.56
2021-11-12,0.08,278.919,114.5144,16.29,1.58
2021-11-15,0.08,278.919,114.5876,16.49,1.63
2021-11-16,0.08,278.919,115.136,16.37,1.63
2021-11-17,0.08,278.919,115.0263,17.11,1.6
2021-11-18,0.08,278.919,115.0678,17.59,1.59
2021-11-19,0.08,278.919,115.2187,17.91,1.54
2021-11-22,0.08,278.919,115.6481,19.17,1.63
2021-11-23,0.08,278.919,116.0118,19.38,1.67
2021-11-24,0.08,278.919,116.2711,18.58,1.64
2021-11-25,0.08,278.919,116.2711,18.58,1.64
2021-11-26,0.08,278.919,116.5103,28.62,1.48
2021-11-29,0.08,278.919,116.581,22.96,1.52
2021-11-30,0.08,278.919,116.2071,27.19,1.43
2021-12-01,0.08,280.845,115.889,31.12,1.43
2021-12-02,0.08,280.845,116.018,27.95,1.44
2021-12-03,0.08,280.845,116.2377,30.67,1.35
2021-12-06,0.08,280.845,116.1538,27.18,1.43
2021-12-07,0.08,280.845,115.8555,21.89,1.48
2021-12-08,0.08,280.845,115.4418,19.9,1.52
2021-12-09,0.08,280.845,115.7784,21.58,1.49
2021-12-10,0.08,280.845,115.5732,18.69,1.48
2021-12-13,0.08,280.845,115.842,20.31,1.42
2021-12-14,0.08,280.845,116.2397,21.89,1.44
2021-12-15,0.08,280.845,116.4219,19.29,1.47
2021-12-16,0.08,280.845,115.7146,20.57,1.44
2021-12-17,0.08,280.845,115.791,21.57,1.41
2021-12-20,0.08,280.845,116.0092,22.87,1.43
2021-12-21,0.08,280.845,116.1089,21.01,1.48
2021-12-22,0.08,280.845,115.7485,18.63,1.46
2021-12-23,0.08,280.845,115.5337,17.96,1.5
2021-12-24,0.08,280.845,115.5337,17.96,1.5
2021-12-27,0.08,280.845,115.4684,17.68,1.48
2021-12-28,0.08,280.845,115.4192,17.54,1.49
2021-12-29,0.08,280.845,115.3678,16.95,1.55
2021-12-30,0.08,280.845,115.283,17.33,1.52
2021-12-31,0.08,280.845,115.283,17.22,1.52
2022-01-01,0.08,282.543,115.283,17.22,1.52
2022-01-03,0.08,282.543,115.4101,16.6,1.63
2022-01-04,0.08,282.543,115.3103,16.91,1.66
2022-01-05,0.08,282.543,115.137,19.73,1.71
2022-01-06,0.08,282.543,115.4046,19.61,1.73
2022-01-07,0.08,282.543,115.0451,18.76,1.76
2022-01-10,0.08,282.543,115.2216,19.4,1.78
2022-01-11,0.08,282.543,114.8332,18.41,1.75
2022-01-12,0.08,282.543,114.355,17.62,1.74
2022-01-13,0.08,282.543,114.177,20.31,1.7
2022-01-14,0.08,282.543,114.3825,19.19,1.78
2022-01-17,0.08,282.543,114.3825,19.19,1.78
2022-01-18,0.08,282.543,114.7373,22.79,1.87
2022-01-19,0.08,282.543,114.6109,23.85,1.83
2022-01-20,0.08,282.543,114.4642,25.59,1.83
2022-01-21,0.08,282.543,114.6125,28.85,1.75
2022-01-24,0.08,282.543,115.2034,29.9,1.75
2022-01-25,0.08,282.543,115.1654,31.16,1.78
2022-01-26,0.08,282.543,115.0922,31.96,1.85
2022-01-27,0.08,282.543,115.978,30.49,1.81
2022-01-28,0.08,282.543,116.0393,27.66,1.78
2022-01-31,0.08,282.543,115.566,24.83,1.79
2022-02-01,0.08,284.5,115.3685,21.96,1.81
2022-02-02,0.08,284.5,115.1538,22.09,1.78
2022-02-03,0.08,284.5,114.9065,24.35,1.82
2022-02-04,0.08,284.5,115.1362,23.22,1.93
2022-02-07,0.08,284.5,115.0098,22.86,1.92
2022-02-08,0.08,284.5,115.0892,21.44,1.96
2022-02-09,0.08,284.5,114.8232,19.96,1.94
2022-02-10,0.08,284.5,114.5527,23.91,2.03
2022-02-11,0.08,284.5,114.8413,27.36,1.92
2022-02-14,0.08,284.5,115.1946,28.33,1.98
2022-02-15,0.08,284.5,114.93,25.7,2.05
2022-02-16,0.08,284.5,114.6886,24.29,2.03
2022-02-17,0.08,284.5,114.6755,28.11,1.97
2022-02-18,0.08,284.5,114.7982,27.75,1.92
2022-02-21,0.08,284.5,114.7982,27.75,1.92
2022-02-22,0.08,284.5,114.7002,28.81,1.94
2022-02-23,0.08,284.5,114.6668,31.02,1.99
2022-02-24,0.08,284.5,115.9419,30.32,1.96
2022-02-25,0.08,284.5,115.2577,27.59,1.97
2022-02-28,0.08,284.5,115.2224,30.15,1.83
2022-03-01,0.2,287.674,115.7962,33.32,1.72
2022-03-02,0.2,287.674,115.7623,30.74,1.86
2022-03-03,0.2,287.674,115.9495,30.48,1.86
2022-03-04,0.2,287.674,116.6503,31.98,1.74
2022-03-07,0.2,287.674,117.3278,36.45,1.78
2022-03-08,0.2,287.674,117.6176,35.13,1.86
2022-03-09,0.2,287.674,116.5961,32.45,1.94
2022-03-10,0.2,287.674,116.7401,30.23,1.98
2022-03-11,0.2,287.674,117.0192,30.75,2.0
2022-03-14,0.2,287.674,117.1506,31.77,2.14
2022-03-15,0.2,287.674,117.246,29.83,2.15
2022-03-16,0.2,287.674,116.8073,26.67,2.19
2022-03-17,0.2,287.674,116.0467,25.67,2.2
2022-03-18,0.2,287.674,116.1378,23.87,2.14
2022-03-21,0.2,287.674,115.9398,23.53,2.32
2022-03-22,0.2,287.674,116.0824,22.94,2.38
2022-03-23,0.2,287.674,116.005,23.57,2.32
2022-03-24,0.2,287.674,115.9599,21.67,2.34
2022-03-25,0.2,287.674,115.7921,20.81,2.48
2022-03-28,0.2,287.674,116.1911,19.63,2.46
2022-03-29,0.2,287.674,115.5679,18.9,2.41
2022-03-30,0.2,287.674,115.0818,19.33,2.35
2022-03-31,0.2,287.674,115.2218,20.56,2.32
2022-04-01,0.33,288.561,115.4814,19.63,2.39
2022-04-04,0.33,288.561,115.4112,18.57,2.42
2022-04-05,0.33,288.561,115.73,21.03,2.54
2022-04-06,0.33,288.561,115.9995,22.1,2.61
2022-04-07,0.33,288.561,116.3512,21.55,2.66
2022-04-08,0.33,288.561,116.4176,21.16,2.72
2022-04-11,0.33,288.561,116.5401,24.37,2.79
2022-04-12,0.33,288.561,116.3866,24.26,2.72
2022-04-13,0.33,288.561,116.2796,21.82,2.7
2022-04-14,0.33,288.561,116.7558,22.7,2.83
2022-04-15,0.33,288.561,116.7017,22.7,2.83
2022-04-18,0.33,288.561,116.8441,22.17,2.85
2022-04-19,0.33,288.561,117.1324,21.37,2.93
2022-04-20,0.33,288.561,116.7306,20.32,2.85
2022-04-21,0.33,288.561,117.1432,22.68,2.9
2022-04-22,0.33,288.561,118.0186,28.21,2.9
2022-04-25,0.33,288.561,118.6271,27.02,2.81
2022-04-26,0.33,288.561,118.9624,33.52,2.77
2022-04-27,0.33,288.561,119.4708,31.6,2.82
2022-04-28,0.33,288.561,120.0675,29.99,2.85
2022-04-29,0.33,288.561,119.4933,33.4,2.89
2022-05-01,0.77,291.298,119.4933,33.4,2.89
2022-05-02,0.77,291.298,119.8825,32.34,2.99
2022-05-03,0.77,291.298,119.7043,29.25,2.97
2022-05-04,0.77,291.298,119.5592,25.42,2.93
2022-05-05,0.77,291.298,120.0068,31.2,3.05
2022-05-06,0.77,291.298,119.8577,30.19,3.12
2022-05-09,0.77,291.298,120.4972,34.75,3.05
2022-05-10,0.77,291.298,120.7742,32.99,2.99
2022-05-11,0.77,291.298,120.3925,32.56,2.91
2022-05-12,0.77,291.298,121.2796,31.77,2.84
2022-05-13,0.77,291.298,120.8442,28.87,2.93
2022-05-16,0.77,291.298,120.6881,27.47,2.88
2022-05-17,0.77,291.298,119.8871,26.1,2.98
2022-05-18,0.77,291.298,120.0274,30.96,2.89
2022-05-19,0.77,291.298,119.4278,29.35,2.84
2022-05-20,0.77,291.298,119.3677,29.43,2.78
2022-05-23,0.77,291.298,118.7169,28.48,2.86
2022-05-24,0.77,291.298,118.6245,29.45,2.76
2022-05-25,0.77,291.298,118.9598,28.37,2.75
2022-05-26,0.77,291.298,118.7687,27.5,2.75
2022-05-27,0.77,291.298,118.2834,25.72,2.74
2022-05-30,0.77,291.298,118.2834,26.54,2.74
2022-05-31,0.77,291.298,118.0704,26.19,2.85
2022-06-01,1.21,294.957,118.6954,25.69,2.94
2022-06-02,1.21,294.957,118.0658,24.72,2.92
2022-06-03,1.21,294.957,118.2153,24.79,2.96
2022-06-06,1.21,294.957,118.3081,25.07,3.04
2022-06-07,1.21,294.957,118.4414,24.02,2.98
2022-06-08,1.21,294.957,118.3951,23.96,3.03
2022-06-09,1.21,294.957,118.9226,26.09,3.04
2022-06-10,1.21,294.957,119.9981,27.75,3.15
2022-06-13,1.21,294.957,121.1523,34.02,3.43
2022-06-14,1.21,294.957,121.6669,32.69,3.49
2022-06-15,1.21,294.957,121.6403,29.62,3.33
2022-06-16,1.21,294.957,120.6714,32.95,3.28
2022-06-17,1.21,294.957,121.2369,31.13,3.25
2022-06-20,1.21,294.957,121.2369,31.03,3.25
2022-06-21,1.21,294.957,120.6427,30.19,3.31
2022-06-22,1.21,294.957,120.5197,28.95,3.16
2022-06-23,1.21,294.957,120.7622,29.05,3.09
2022-06-24,1.21,294.957,120.4853,27.23,3.13
2022-06-27,1.21,294.957,120.1736,26.95,3.2
2022-06-28,1.21,294.957,120.62,28.36,3.2
2022-06-29,1.21,294.957,120.9616,28.16,3.1
2022-06-30,1.21,294.957,120.9652,28.71,2.98
2022-07-01,1.68,294.913,121.5058,26.7,2.88
2022-07-04,1.68,294.913,121.5058,27.53,2.88
2022-07-05,1.68,294.913,122.6203,27.54,2.82
2022-07-06,1.68,294.913,123.0073,26.73,2.93
2022-07-07,1.68,294.913,122.7257,26.08,3.01
2022-07-08,1.68,294.913,122.4662,24.64,3.09
2022-07-11,1.68,294.913,123.2974,26.17,2.99
2022-07-12,1.68,294.913,123.4524,27.29,2.96
2022-07-13,1.68,294.913,123.2834,26.82,2.91
2022-07-14,1.68,294.913,124.0622,26.4,2.96
2022-07-15,1.68,294.913,123.4765,24.23,2.93
2022-07-18,1.68,294.913,122.7727,25.3,2.96
2022-07-19,1.68,294.913,122.4819,24.5,3.01
2022-07-20,1.68,294.913,122.5997,23.88,3.04
2022-07-21,1.68,294.913,122.9032,23.11,2.91
2022-07-22,1.68,294.913,122.451,23.03,2.77
2022-07-25,1.68,294.913,122.4594,23.36,2.81
2022-07-26,1.68,294.913,122.7581,24.69,2.81
2022-07-27,1.68,294.913,122.8169,23.24,2.78
2022-07-28,1.68,294.913,122.1161,22.33,2.68
2022-07-29,1.68,294.913,121.7678,21.33,2.67
2022-08-01,2.33,295.097,121.4109,22.84,2.6
2022-08-02,2.33,295.097,121.9486,23.93,2.75
2022-08-03,2.33,295.097,122.3888,21.95,2.73
2022-08-04,2.33,295.097,121.8333,21.44,2.68
2022-08-05,2.33,295.097,122.321,21.15,2.83
2022-08-08,2.33,295.097,121.8783,21.29,2.77
2022-08-09,2.33,295.097,121.8614,21.77,2.8
2022-08-10,2.33,295.097,120.7543,19.74,2.78
2022-08-11,2.33,295.097,120.7163,20.2,2.87
2022-08-12,2.33,295.097,121.018,19.53,2.84
2022-08-15,2.33,295.097,121.4315,19.95,2.79
2022-08-16,2.33,295.097,121.6807,19.69,2.82
2022-08-17,2.33,295.097,122.0711,19.9,2.89
2022-08-18,2.33,295.097,122.3627,19.56,2.88
2022-08-19,2.33,295.097,123.0501,20.6,2.98
2022-08-22,2.33,295.097,123.605,23.8,3.03
2022-08-23,2.33,295.097,123.0547,24.11,3.05
2022-08-24,2.33,295.097,123.109,22.82,3.11
2022-08-25,2.33,295.097,123.0586,21.78,3.03
2022-08-26,2.33,295.097,123.0656,25.56,3.04
2022-08-29,2.33,295.097,123.4686,26.21,3.12
2022-08-30,2.33,295.097,123.6848,26.21,3.11
2022-08-31,2.33,295.097,123.535,25.87,3.15
2022-09-01,2.56,296.349,124.4006,25.56,3.26
2022-09-02,2.56,296.349,123.7743,25.47,3.2
2022-09-05,2.56,296.349,123.7743,25.99,3.2
2022-09-06,2.56,296.349,124.767,26.91,3.33
2022-09-07,2.56,296.349,124.8408,24.64,3.27
2022-09-08,2.56,296.349,124.578,23.61,3.29
2022-09-09,2.56,296.349,123.7874,22.79,3.33
2022-09-12,2.56,296.349,123.3332,23.87,3.37
2022-09-13,2.56,296.349,124.4242,27.27,3.42
2022-09-14,2.56,296.349,124.4509,26.16,3.41
2022-09-15,2.56,296.349,124.8843,26.27,3.45
2022-09-16,2.56,296.349,124.8794,26.3,3.45
2022-09-19,2.56,296.349,125.0104,25.76,3.49
2022-09-20,2.56,296.349,125.1248,27.16,3.57
2022-09-21,2.56,296.349,125.7399,27.99,3.51
2022-09-22,2.56,296.349,126.1667,27.35,3.7
2022-09-23,2.56,296.349,127.2853,29.92,3.69
2022-09-26,2.56,296.349,128.4539,32.26,3.88
2022-09-27,2.56,296.349,128.4386,32.6,3.97
2022-09-28,2.56,296.349,128.0884,30.18,3.72
2022-09-29,2.56,296.349,127.5437,31.84,3.76
2022-09-30,2.56,296.349,127.5148,31.62,3.83
2022-10-01,3.08,298.007,127.5148,31.62,3.83
2022-10-03,3.08,298.007,127.0813,30.1,3.67
2022-10-04,3.08,298.007,126.1819,29.07,3.62
2022-10-05,3.08,298.007,126.8616,28.55,3.76
2022-10-06,3.08,298.007,127.2493,30.52,3.83
2022-10-07,3.08,298.007,127.3111,31.36,3.89
2022-10-10,3.08,298.007,127.3111,32.45,3.89
2022-10-11,3.08,298.007,127.6641,33.63,3.93
2022-10-12,3.08,298.007,128.1481,33.57,3.91
2022-10-13,3.08,298.007,127.7286,31.94,3.97
2022-10-14,3.08,298.007,128.3325,32.02,4.0
2022-10-17,3.08,298.007,127.6448,31.37,4.02
2022-10-18,3.08,298.007,127.9153,30.5,4.01
2022-10-19,3.08,298.007,128.3968,30.76,4.14
2022-10-20,3.08,298.007,128.0052,29.98,4.24
2022-10-21,3.08,298.007,127.6735,29.69,4.21
2022-10-24,3.08,298.007,128.0304,29.85,4.25
2022-10-25,3.08,298.007,127.3771,28.46,4.1
2022-10-26,3.08,298.007,126.4723,27.28,4.04
2022-10-27,3.08,298.007,126.7028,27.39,3.96
2022-10-28,3.08,298.007,127.2135,25.75,4.02
2022-10-31,3.08,298.007,127.6219,25.88,4.1
2022-11-01,3.78,298.786,127.3987,25.81,4.07
2022-11-02,3.78,298.786,127.3115,25.86,4.1
2022-11-03,3.78,298.786,128.1743,25.3,4.14
2022-11-04,3.78,298.786,127.1468,24.55,4.17
2022-11-07,3.78,298.786,126.3062,24.35,4.22
2022-11-08,3.78,298.786,125.633,25.54,4.14
2022-11-09,3.78,298.786,125.9861,26.09,4.12
2022-11-10,3.78,298.786,124.7044,23.53,3.82
2022-11-11,3.78,298.786,124.7044,22.52,3.82
2022-11-14,3.78,298.786,123.4277,23.73,3.88
2022-11-15,3.78,298.786,123.039,24.54,3.8
2022-11-16,3.78,298.786,123.2817,24.11,3.67
2022-11-17,3.78,298.786,123.977,23.93,3.77
2022-11-18,3.78,298.786,123.8524,23.12,3.82
2022-11-21,3.78,298.786,124.7009,22.36,3.83
2022-11-22,3.78,298.786,124.2365,21.29,3.76
2022-11-23,3.78,298.786,123.7574,20.35,3.71
2022-11-24,3.78,298.786,123.7574,20.42,3.71
2022-11-25,3.78,298.786,123.3386,20.5,3.68
2022-11-28,3.78,298.786,123.6032,22.21,3.69
2022-11-29,3.78,298.786,123.6615,21.89,3.75
2022-11-30,3.78,298.786,123.5175,20.58,3.68
2022-12-01,4.1,298.832,122.0045,19.84,3.53
2022-12-02,4.1,298.832,122.0102,19.06,3.51
2022-12-05,4.1,298.832,122.6384,20.75,3.6
2022-12-06,4.1,298.832,123.0191,22.17,3.51
2022-12-07,4.1,298.832,122.7608,22.68,3.42
2022-12-08,4.1,298.832,122.4152,22.29,3.48
2022-12-09,4.1,298.832,122.4201,22.83,3.57
2022-12-12,4.1,298.832,122.7714,25.0,3.61
2022-12-13,4.1,298.832,121.8493,22.55,3.51
2022-12-14,4.1,298.832,121.8226,21.14,3.49
2022-12-15,4.1,298.832,122.5519,22.83,3.44
2022-12-16,4.1,298.832,122.6505,22.62,3.48
2022-12-19,4.1,298.832,122.5275,22.42,3.57
2022-12-20,4.1,298.832,122.1357,21.48,3.69
2022-12-21,4.1,298.832,122.2828,20.07,3.68
2022-12-22,4.1,298.832,122.2419,21.97,3.67
2022-12-23,4.1,298.832,121.9743,20.87,3.75
2022-12-26,4.1,298.832,121.9743,20.87,3.75
2022-12-27,4.1,298.832,121.7539,21.65,3.84
2022-12-28,4.1,298.832,122.0075,22.14,3.88
2022-12-29,4.1,298.832,121.6577,21.44,3.83
2022-12-30,4.1,298.832,121.4256,21.67,3.88
2023-01-01,4.33,300.42,121.4256,21.67,3.88
2023-01-02,4.33,300.42,121.4256,21.67,3.88
2023-01-03,4.33,300.42,122.0905,22.9,3.79
2023-01-04,4.33,300.42,121.5008,22.01,3.69
2023-01-05,4.33,300.42,122.1017,22.46,3.71
2023-01-06,4.33,300.42,121.0852,21.13,3.55
2023-01-09,4.33,300.42,120.1508,21.97,3.53
2023-01-10,4.33,300.42,120.2483,20.58,3.61
2023-01-11,4.33,300.42,120.1614,21.09,3.54
2023-01-12,4.33,300.42,119.4218,18.83,3.43
2023-01-13,4.33,300.42,119.1673,18.35,3.49
2023-01-16,4.33,300.42,119.1673,19.49,3.49
2023-01-17,4.33,300.42,119.2121,19.36,3.53
2023-01-18,4.33,300.42,119.0755,20.34,3.37
2023-01-19,4.33,300.42,119.6107,20.52,3.39
2023-01-20,4.33,300.42,119.3486,19.85,3.48
2023-01-23,4.33,300.42,119.1434,19.81,3.52
2023-01-24,4.33,300.42,119.0958,19.2,3.46
2023-01-25,4.33,300.42,118.9686,19.08,3.46
2023-01-26,4.33,300.42,119.021,18.73,3.49
2023-01-27,4.33,300.42,118.9223,18.51,3.52
2023-01-30,4.33,300.42,118.8953,19.94,3.55
2023-01-31,4.33,300.42,118.9802,19.4,3.52
2023-02-01,4.57,301.45,118.6259,17.87,3.39
2023-02-02,4.57,301.45,118.3421,18.73,3.4
2023-02-03,4.57,301.45,119.5095,18.33,3.53
2023-02-06,4.57,301.45,120.541,19.43,3.63
2023-02-07,4.57,301.45,120.3475,18.66,3.67
2023-02-08,4.57,301.45,120.1436,19.63,3.63
2023-02-09,4.57,301.45,119.9781,20.71,3.67
2023-02-10,4.57,301.45,120.1419,20.53,3.74
2023-02-13,4.57,301.45,119.9828,20.34,3.72
2023-02-14,4.57,301.45,119.9229,18.91,3.77
2023-02-15,4.57,301.45,120.4557,18.23,3.81
2023-02-16,4.57,301.45,120.4651,20.17,3.86
2023-02-17,4.57,301.45,120.5526,20.02,3.82
2023-02-20,4.57,301.45,120.5526,21.23,3.82
2023-02-21,4.57,301.45,120.6256,22.87,3.95
2023-02-22,4.57,301.45,120.8389,22.29,3.93
2023-02-23,4.57,301.45,121.0896,21.14,3.88
2023-02-24,4.57,301.45,121.5681,21.67,3.95
2023-02-27,4.57,301.45,121.3941,20.95,3.92
2023-02-28,4.57,301.45,121.3341,20.7,3.92
2023-03-01,4.65,301.821,120.6347,20.58,4.01
2023-03-02,4.65,301.821,121.1302,19.59,4.08
2023-03-03,4.65,301.821,120.7742,18.49,3.97
2023-03-06,4.65,301.821,120.485,18.61,3.98
2023-03-07,4.65,301.821,121.4623,19.59,3.97
2023-03-08,4.65,301.821,121.4511,19.11,3.98
2023-03-09,4.65,301.821,121.4458,22.61,3.93
2023-03-10,4.65,301.821,121.2421,24.8,3.7
2023-03-13,4.65,301.821,120.8897,26.52,3.55
2023-03-14,4.65,301.821,121.0141,23.73,3.64
2023-03-15,4.65,301.821,122.1079,26.14,3.51
2023-03-16,4.65,301.821,121.7221,22.99,3.56
2023-03-17,4.65,301.821,121.5643,25.51,3.39
2023-03-20,4.65,301.821,121.0141,24.15,3.47
2023-03-21,4.65,301.821,120.8958,21.38,3.59
2023-03-22,4.65,301.821,120.6217,22.26,3.48
2023-03-23,4.65,301.821,119.7587,22.61,3.38
2023-03-24,4.65,301.821,120.4598,21.74,3.38
2023-03-27,4.65,301.821,120.2541,20.6,3.53
2023-03-28,4.65,301.821,119.7138,19.97,3.55
2023-03-29,4.65,301.821,119.7258,19.12,3.57
2023-03-30,4.65,301.821,119.4078,19.02,3.55
2023-03-31,4.65,301.821,119.3602,18.7,3.48
2023-04-01,4.83,302.845,119.3602,18.7,3.48
2023-04-03,4.83,302.845,119.3204,18.55,3.43
2023-04-04,4.83,302.845,119.142,19.0,3.35
2023-04-05,4.83,302.845,119.2953,19.08,3.3
2023-04-06,4.83,302.845,119.3072,18.4,3.3
2023-04-07,4.83,302.845,119.3547,18.4,3.39
2023-04-10,4.83,302.845,119.7948,18.97,3.41
2023-04-11,4.83,302.845,119.5248,19.1,3.43
2023-04-12,4.83,302.845,119.003,19.09,3.41
2023-04-13,4.83,302.845,118.3915,17.8,3.45
2023-04-14,4.83,302.845,118.8567,17.07,3.52
2023-04-17,4.83,302.845,119.2787,16.95,3.6
2023-04-18,4.83,302.845,119.1049,16.83,3.58
2023-04-19,4.83,302.845,119.303,16.46,3.6
2023-04-20,4.83,302.845,119.1199,17.17,3.54
2023-04-21,4.83,302.845,119.3117,16.77,3.57
2023-04-24,4.83,302.845,119.2039,16.89,3.52
2023-04-25,4.83,302.845,119.613,18.76,3.4
2023-04-26,4.83,302.845,119.3228,18.84,3.43
2023-04-27,4.83,302.845,119.4298,17.03,3.53
2023-04-28,4.83,302.845,119.2248,15.78,3.44
2023-05-01,5.06,303.334,119.4435,16.08,3.59
2023-05-02,5.06,303.334,119.6105,17.78,3.44
2023-05-03,5.06,303.334,119.1233,18.34,3.38
2023-05-04,5.06,303.334,119.0465,20.09,3.37
2023-05-05,5.06,303.334,118.5548,17.19,3.44
2023-05-08,5.06,303.334,118.5759,16.98,3.52
2023-05-09,5.06,303.334,118.8239,17.71,3.53
2023-05-10,5.06,303.334,118.5864,16.94,3.43
2023-05-11,5.06,303.334,119.0303,16.93,3.39
2023-05-12,5.06,303.334,119.3671,17.03,3.46
2023-05-15,5.06,303.334,119.1608,17.12,3.5
2023-05-16,5.06,303.334,119.1743,17.99,3.54
2023-05-17,5.06,303.334,119.607,16.87,3.57
2023-05-18,5.06,303.334,120.0886,16.05,3.65
2023-05-19,5.06,303.334,119.7751,16.81,3.7
2023-05-22,5.06,303.334,120.0875,17.21,3.72
2023-05-23,5.06,303.334,120.3204,18.53,3.7
2023-05-24,5.06,303.334,120.4752,20.03,3.73
2023-05-25,5.06,303.334,120.8413,19.14,3.83
2023-05-26,5.06,303.334,120.6304,17.95,3.8
2023-05-29,5.06,303.334,120.6304,17.46,3.8
2023-05-30,5.06,303.334,120.5546,17.46,3.69
2023-05-31,5.06,303.334,120.9662,17.94,3.64
2023-06-01,5.08,304.014,120.0491,15.65,3.61
2023-06-02,5.08,304.014,120.0049,14.6,3.69
2023-06-05,5.08,304.014,120.0048,14.73,3.69
2023-06-06,5.08,304.014,119.9718,13.96,3.7
2023-06-07,5.08,304.014,119.859,13.94,3.79
2023-06-08,5.08,304.014,119.5712,13.65,3.73
2023-06-09,5.08,304.014,119.4322,13.83,3.75
2023-06-12,5.08,304.014,119.6376,15.01,3.73
2023-06-13,5.08,304.014,119.1899,14.61,3.84
2023-06-14,5.08,304.014,118.776,13.88,3.83
2023-06-15,5.08,304.014,118.5521,14.5,3.72
2023-06-16,5.08,304.014,118.4184,13.54,3.77
2023-06-19,5.08,304.014,118.4184,14.19,3.77
2023-06-20,5.08,304.014,118.938,13.88,3.74
2023-06-21,5.08,304.014,118.727,13.2,3.72
2023-06-22,5.08,304.014,118.7552,12.91,3.8
2023-06-23,5.08,304.014,119.152,13.44,3.74
2023-06-26,5.08,304.014,119.0761,14.25,3.72
2023-06-27,5.08,304.014,118.8949,13.74,3.77
2023-06-28,5.08,304.014,119.3382,13.43,3.71
2023-06-29,5.08,304.014,119.527,13.54,3.85
2023-06-30,5.08,304.014,119.3606,13.59,3.81
2023-07-01,5.12,304.609,119.3606,13.59,3.81
2023-07-03,5.12,304.609,119.2119,13.57,3.86
2023-07-04,5.12,304.609,119.2119,13.7,3.86
2023-07-05,5.12,304.609,119.3483,14.18,3.95
2023-07-06,5.12,304.609,119.8193,15.44,4.05
2023-07-07,5.12,304.609,119.0761,14.83,4.06
2023-07-10,5.12,304.609,118.9548,15.07,4.01
2023-07-11,5.12,304.609,118.7344,14.84,3.99
2023-07-12,5.12,304.609,117.6385,13.54,3.86
2023-07-13,5.12,304.609,117.1831,13.61,3.76
2023-07-14,5.12,304.609,117.0463,13.34,3.83
2023-07-17,5.12,304.609,117.1267,13.48,3.81
2023-07-18,5.12,304.609,117.0264,13.3,3.8
2023-07-19,5.12,304.609,117.3462,13.76,3.75
2023-07-20,5.12,304.609,117.5947,13.99,3.85
2023-07-21,5.12,304.609,117.9418,13.6,3.84
2023-07-24,5.12,304.609,117.8124,13.91,3.86
2023-07-25,5.12,304.609,117.8565,13.86,3.91
2023-07-26,5.12,304.609,117.76,13.19,3.86
2023-07-27,5.12,304.609,117.8938,14.41,4.01
2023-07-28,5.12,304.609,117.788,13.33,3.96
2023-07-31,5.12,304.609,117.8241,13.63,3.97
2023-08-01,5.33,306.082,118.5738,13.93,4.05
2023-08-02,5.33,306.082,119.1268,16.09,4.08
2023-08-03,5.33,306.082,119.3963,15.92,4.2
2023-08-04,5.33,306.082,118.821,17.1,4.05
2023-08-07,5.33,306.082,119.0809,15.77,4.09
2023-08-08,5.33,306.082,119.6407,15.99,4.02
2023-08-09,5.33,306.082,119.476,15.96,4.0
2023-08-10,5.33,306.082,119.1581,15.85,4.09
2023-08-11,5.33,306.082,119.6268,14.84,4.16
2023-08-14,5.33,306.082,120.0725,14.82,4.19
2023-08-15,5.33,306.082,120.2127,16.46,4.21
2023-08-16,5.33,306.082,120.3551,16.78,4.28
2023-08-17,5.33,306.082,120.5242,17.89,4.3
2023-08-18,5.33,306.082,120.4321,17.3,4.26
2023-08-21,5.33,306.082,120.4627,17.13,4.34
2023-08-22,5.33,306.082,120.3554,16.97,4.34
2023-08-23,5.33,306.082,120.0307,15.98,4.19
2023-08-24,5.33,306.082,120.2354,17.2,4.23
2023-08-25,5.33,306.082,120.5137,15.68,4.25
2023-08-28,5.33,306.082,120.3155,15.08,4.2
2023-08-29,5.33,306.082,120.2669,14.45,4.12
2023-08-30,5.33,306.082,119.7937,13.88,4.12
2023-08-31,5.33,306.082,120.225,13.57,4.09
2023-09-01,5.33,307.276,120.759,13.09,4.18
2023-09-04,5.33,307.276,120.759,13.82,4.18
2023-09-05,5.33,307.276,121.4345,14.01,4.27
2023-09-06,5.33,307.276,121.8671,14.45,4.3
2023-09-07,5.33,307.276,121.9528,14.4,4.27
2023-09-08,5.33,307.276,121.9475,13.84,4.26
2023-09-11,5.33,307.276,121.3386,13.8,4.29
2023-09-12,5.33,307.276,121.2913,14.23,4.27
2023-09-13,5.33,307.276,121.0549,13.48,4.25
2023-09-14,5.33,307.276,121.2395,12.82,4.29
2023-09-15,5.33,307.276,121.199,13.79,4.33
2023-09-18,5.33,307.276,121.1938,14.0,4.32
2023-09-19,5.33,307.276,121.1645,14.11,4.37
2023-09-20,5.33,307.276,120.9648,15.14,4.35
2023-09-21,5.33,307.276,121.5528,17.54,4.49
2023-09-22,5.33,307.276,121.5306,17.2,4.44
2023-09-25,5.33,307.276,122.1143,16.9,4.55
2023-09-26,5.33,307.276,122.4742,18.94,4.56
2023-09-27,5.33,307.276,122.9895,18.22,4.61
2023-09-28,5.33,307.276,122.5342,17.34,4.59
2023-09-29,5.33,307.276,122.3077,17.52,4.59
2023-10-01,5.33,307.696,122.3077,17.52,4.59
2023-10-02,5.33,307.696,123.0545,17.61,4.69
2023-10-03,5.33,307.696,123.7848,19.78,4.81
2023-10-04,5.33,307.696,123.5946,18.58,4.73
2023-10-05,5.33,307.696,123.8993,18.49,4.72
2023-10-06,5.33,307.696,123.3563,17.45,4.78
2023-10-09,5.33,307.696,123.3563,17.7,4.78
2023-10-10,5.33,307.696,122.9282,17.03,4.66
2023-10-11,5.33,307.696,122.7697,16.09,4.58
2023-10-12,5.33,307.696,123.2101,16.69,4.7
2023-10-13,5.33,307.696,123.5954,19.32,4.63
2023-10-16,5.33,307.696,123.3185,17.21,4.71
2023-10-17,5.33,307.696,123.1202,17.88,4.83
2023-10-18,5.33,307.696,123.8148,19.22,4.91
2023-10-19,5.33,307.696,123.798,21.4,4.98
2023-10-20,5.33,307.696,123.612,21.71,4.93
2023-10-23,5.33,307.696,123.2846,20.37,4.86
2023-10-24,5.33,307.696,123.6416,18.97,4.83
2023-10-25,5.33,307.696,123.7871,20.19,4.95
2023-10-26,5.33,307.696,124.0064,20.68,4.86
2023-10-27,5.33,307.696,123.62,21.27,4.84
2023-10-30,5.33,307.696,123.4076,19.75,4.88
2023-10-31,5.33,307.696,123.8364,18.14,4.88
2023-11-01,5.33,308.148,123.7922,16.87,4.77
2023-11-02,5.33,308.148,122.8818,15.66,4.67
2023-11-03,5.33,308.148,121.7564,14.91,4.57
2023-11-06,5.33,308.148,121.6484,14.89,4.67
2023-11-07,5.33,308.148,122.0777,14.81,4.58
2023-11-08,5.33,308.148,122.0926,14.45,4.49
2023-11-09,5.33,308.148,122.1281,15.29,4.62
2023-11-10,5.33,308.148,122.1281,14.17,4.61
2023-11-13,5.33,308.148,122.4264,14.76,4.63
2023-11-14,5.33,308.148,121.35,14.16,4.44
2023-11-15,5.33,308.148,121.0749,14.18,4.53
2023-11-16,5.33,308.148,121.1754,14.32,4.45
2023-11-17,5.33,308.148,120.8477,13.8,4.44
2023-11-20,5.33,308.148,120.2533,13.41,4.42
2023-11-21,5.33,308.148,120.2241,13.35,4.41
2023-11-22,5.33,308.148,120.6802,12.85,4.42
2023-11-23,5.33,308.148,120.6802,12.8,4.42
2023-11-24,5.33,308.148,120.2105,12.46,4.47
2023-11-27,5.33,308.148,120.173,12.69,4.39
2023-11-28,5.33,308.148,119.5904,12.69,4.34
2023-11-29,5.33,308.148,119.8159,12.98,4.27
2023-11-30,5.33,308.148,120.2434,12.92,4.37
2023-12-01,5.33,308.741,119.9424,12.63,4.22
2023-12-04,5.33,308.741,120.4727,13.08,4.28
2023-12-05,5.33,308.741,120.7913,12.85,4.18
2023-12-06,5.33,308.741,120.5334,12.97,4.12
2023-12-07,5.33,308.741,120.6013,13.06,4.14
2023-12-08,5.33,308.741,120.7607,12.35,4.23
2023-12-11,5.33,308.741,120.9279,12.63,4.23
2023-12-12,5.33,308.741,120.6817,12.07,4.2
2023-12-13,5.33,308.741,121.1571,12.19,4.04
2023-12-14,5.33,308.741,119.5683,12.48,3.92
2023-12-15,5.33,308.741,119.7382,12.28,3.91
2023-12-18,5.33,308.741,119.9102,12.56,3.95
2023-12-19,5.33,308.741,119.4632,12.53,3.93
2023-12-20,5.33,308.741,119.5435,13.67,3.86
2023-12-21,5.33,308.741,119.3168,13.65,3.89
2023-12-22,5.33,308.741,119.0625,13.03,3.9
2023-12-25,5.33,308.741,119.0625,13.03,3.9
2023-12-26,5.33,308.741,118.8875,12.99,3.89
2023-12-27,5.33,308.741,118.4729,12.43,3.79
2023-12-28,5.33,308.741,118.4104,12.47,3.84
2023-12-29,5.33,308.741,118.4208,12.45,3.88
2024-01-01,5.33,309.698,118.4208,12.45,3.88
2024-01-02,5.33,309.698,119.2686,13.2,3.95
2024-01-03,5.33,309.698,119.6958,14.04,3.91
2024-01-04,5.33,309.698,119.6208,14.13,3.99
2024-01-05,5.33,309.698,119.388,13.35,4.05
2024-01-08,5.33,309.698,119.2506,13.08,4.01
2024-01-09,5.33,309.698,119.6666,12.76,4.02
2024-01-10,5.33,309.698,119.7614,12.69,4.04
2024-01-11,5.33,309.698,119.8916,12.44,3.98
2024-01-12,5.33,309.698,119.534,12.7,3.96
2024-01-15,5.33,309.698,119.534,13.25,3.96
2024-01-16,5.33,309.698,120.5759,13.84,4.07
2024-01-17,5.33,309.698,121.0402,14.79,4.1
2024-01-18,5.33,309.698,120.8895,14.13,4.14
2024-01-19,5.33,309.698,120.6442,13.3,4.15
2024-01-22,5.33,309.698,120.6178,13.19,4.11
2024-01-23,5.33,309.698,121.1001,12.55,4.14
2024-01-24,5.33,309.698,120.4916,13.14,4.18
2024-01-25,5.33,309.698,120.8311,13.45,4.14
2024-01-26,5.33,309.698,120.6173,13.26,4.15
2024-01-29,5.33,309.698,120.8538,13.6,4.08
2024-01-30,5.33,309.698,120.6025,13.31,4.06
2024-01-31,5.33,309.698,120.4331,14.35,3.99
2024-02-01,5.33,310.967,120.3335,13.88,3.87
2024-02-02,5.33,310.967,120.902,13.85,4.03
2024-02-05,5.33,310.967,121.349,13.67,4.17
2024-02-06,5.33,310.967,120.9588,13.06,4.09
2024-02-07,5.33,310.967,120.9049,12.83,4.09
2024-02-08,5.33,310.967,121.0798,12.79,4.15
2024-02-09,5.33,310.967,121.039,12.93,4.17
2024-02-12,5.33,310.967,120.9378,13.93,4.17
2024-02-13,5.33,310.967,121.5202,15.85,4.31
2024-02-14,5.33,310.967,121.4002,14.38,4.27
2024-02-15,5.33,310.967,121.2121,14.01,4.24
2024-02-16,5.33,310.967,121.1505,14.24,4.3
2024-02-19,5.33,310.967,121.1505,14.71,4.3
2024-02-20,5.33,310.967,121.0199,15.42,4.27
2024-02-21,5.33,310.967,121.0379,15.34,4.32
2024-02-22,5.33,310.967,121.102,14.54,4.33
2024-02-23,5.33,310.967,121.0369,13.75,4.26
2024-02-26,5.33,310.967,121.0592,13.74,4.28
2024-02-27,5.33,310.967,120.9647,13.43,4.31
2024-02-28,5.33,310.967,121.128,13.84,4.27
2024-02-29,5.33,310.967,121.1824,13.4,4.25
2024-03-01,5.33,312.345,121.0111,13.11,4.19
2024-03-04,5.33,312.345,120.872,13.49,4.22
2024-03-05,5.33,312.345,120.8846,14.46,4.13
2024-03-06,5.33,312.345,120.4649,14.5,4.11
2024-03-07,5.33,312.345,120.1909,14.44,4.09
2024-03-08,5.33,312.345,119.975,14.74,4.09
2024-03-11,5.33,312.345,120.0394,15.22,4.1
2024-03-12,5.33,312.345,120.1668,13.84,4.16
2024-03-13,5.33,312.345,119.9642,13.75,4.19
2024-03-14,5.33,312.345,120.241,14.4,4.29
2024-03-15,5.33,312.345,120.4003,14.41,4.31
2024-03-18,5.33,312.345,120.5752,14.33,4.34
2024-03-19,5.33,312.345,120.9332,13.82,4.3
2024-03-20,5.33,312.345,120.9289,13.04,4.27
2024-03-21,5.33,312.345,120.8086,12.92,4.27
2024-03-22,5.33,312.345,121.1842,13.06,4.22
2024-03-25,5.33,312.345,121.0295,13.19,4.25
2024-03-26,5.33,312.345,121.0742,13.24,4.24
2024-03-27,5.33,312.345,121.0089,12.78,4.2
2024-03-28,5.33,312.345,121.0635,13.01,4.2
2024-03-29,5.33,312.345,121.0191,13.01,4.2
2024-04-01,5.33,313.023,121.5151,13.65,4.33
2024-04-02,5.33,313.023,121.3035,14.61,4.36
2024-04-03,5.33,313.023,121.0198,14.33,4.36
2024-04-04,5.33,313.023,120.7613,16.35,4.31
2024-04-05,5.33,313.023,120.9646,16.03,4.39
2024-04-08,5.33,313.023,120.7359,15.19,4.42
2024-04-09,5.33,313.023,120.7048,14.98,4.36
2024-04-10,5.33,313.023,121.5727,15.8,4.55
2024-04-11,5.33,313.023,121.6081,14.91,4.56
2024-04-12,5.33,313.023,122.2885,17.31,4.5
2024-04-15,5.33,313.023,122.425,19.23,4.63
2024-04-16,5.33,313.023,123.1234,18.4,4.67
2024-04-17,5.33,313.023,123.0207,18.21,4.59
2024-04-18,5.33,313.023,123.0017,18.0,4.64
2024-04-19,5.33,313.023,123.1075,18.71,4.62
2024-04-22,5.33,313.023,123.0609,16.94,4.62
2024-04-23,5.33,313.023,122.7227,15.69,4.61
2024-04-24,5.33,313.023,122.89,15.97,4.65
2024-04-25,5.33,313.023,122.8384,15.37,4.7
2024-04-26,5.33,313.023,122.9471,15.03,4.67
2024-04-29,5.33,313.023,122.5449,14.67,4.63
2024-04-30,5.33,313.023,122.9853,15.65,4.69
2024-05-01,5.33,313.175,123.0168,15.39,4.63
2024-05-02,5.33,313.175,122.4384,14.68,4.58
2024-05-03,5.33,313.175,122.1375,13.49,4.5
2024-05-06,5.33,313.175,121.8913,13.49,4.49
2024-05-07,5.33,313.175,122.093,13.23,4.47
2024-05-08,5.33,313.175,122.1926,13.0,4.48
2024-05-09,5.33,313.175,122.1634,12.69,4.45
2024-05-10,5.33,313.175,122.014,12.55,4.5
2024-05-13,5.33,313.175,122.0261,13.6,4.48
2024-05-14,5.33,313.175,121.9256,13.42,4.45
2024-05-15,5.33,313.175,121.3543,12.45,4.36
2024-05-16,5.33,313.175,121.2236,12.42,4.38
2024-05-17,5.33,313.175,121.2354,11.99,4.42
2024-05-20,5.33,313.175,121.2289,12.15,4.44
2024-05-21,5.33,313.175,121.3793,11.86,4.41
2024-05-22,5.33,313.175,121.5462,12.29,4.43
2024-05-23,5.33,313.175,121.7477,12.77,4.47
2024-05-24,5.33,313.175,121.6172,11.93,4.46
2024-05-27,5.33,313.175,121.6172,12.36,4.46
2024-05-28,5.33,313.175,121.43,12.92,4.54
2024-05-29,5.33,313.175,122.1641,14.28,4.61
2024-05-30,5.33,313.175,121.9601,14.47,4.55
2024-05-31,5.33,313.175,122.098,12.92,4.51
2024-06-01,5.33,313.044,122.098,12.92,4.51
2024-06-03,5.33,313.044,122.3509,13.11,4.41
2024-06-04,5.33,313.044,122.7256,13.16,4.33
2024-06-05,5.33,313.044,122.5339,12.63,4.29
2024-06-06,5.33,313.044,122.3713,12.58,4.28
2024-06-07,5.33,313.044,123.549,12.22,4.43
2024-06-10,5.33,313.044,123.9125,12.74,4.47
2024-06-11,5.33,313.044,124.0349,12.85,4.39
2024-06-12,5.33,313.044,123.8295,12.04,4.31
2024-06-13,5.33,313.044,124.0235,11.94,4.24
2024-06-14,5.33,313.044,124.1694,12.66,4.2
2024-06-17,5.33,313.044,124.239,12.75,4.28
2024-06-18,5.33,313.044,123.9776,12.3,4.22
2024-06-19,5.33,313.044,123.9776,12.48,4.22
2024-06-20,5.33,313.044,124.192,13.28,4.25
2024-06-21,5.33,313.044,124.1086,13.2,4.25
2024-06-24,5.33,313.044,123.7125,13.33,4.25
2024-06-25,5.33,313.044,123.9417,12.84,4.23
2024-06-26,5.33,313.044,124.26,12.55,4.32
2024-06-27,5.33,313.044,124.3379,12.24,4.29
2024-06-28,5.33,313.044,124.2103,12.44,4.36
2024-07-01,5.33,313.569,124.4667,12.22,4.48
2024-07-02,5.33,313.569,124.2917,12.03,4.43
2024-07-03,5.33,313.569,123.7768,12.09,4.36
2024-07-04,5.33,313.569,123.7768,12.26,4.36
2024-07-05,5.33,313.569,123.4762,12.48,4.28
2024-07-08,5.33,313.569,123.3576,12.37,4.28
2024-07-09,5.33,313.569,123.4071,12.51,4.3
2024-07-10,5.33,313.569,123.1895,12.85,4.28
2024-07-11,5.33,313.569,122.769,12.92,4.2
2024-07-12,5.33,313.569,122.4404,12.46,4.18
2024-07-15,5.33,313.569,122.6347,13.12,4.23
2024-07-16,5.33,313.569,122.7264,13.19,4.17
2024-07-17,5.33,313.569,122.518,14.48,4.16
2024-07-18,5.33,313.569,122.7909,15.93,4.2
2024-07-19,5.33,313.569,123.147,16.52,4.25
2024-07-22,5.33,313.569,123.2172,14.91,4.26
2024-07-23,5.33,313.569,123.3843,14.72,4.25
2024-07-24,5.33,313.569,123.5575,18.04,4.28
2024-07-25,5.33,313.569,123.5286,18.46,4.27
2024-07-26,5.33,313.569,123.672,16.39,4.2
2024-07-29,5.33,313.569,124.1392,16.6,4.17
2024-07-30,5.33,313.569,124.2855,17.69,4.15
2024-07-31,5.33,313.569,123.6373,16.36,4.09
2024-08-01,5.33,314.062,123.8693,18.59,3.99
2024-08-02,5.33,314.062,123.4681,23.39,3.8
2024-08-05,5.33,314.062,123.5787,38.57,3.78
2024-08-06,5.33,314.062,123.6532,27.71,3.9
2024-08-07,5.33,314.062,123.5698,27.85,3.96
2024-08-08,5.33,314.062,123.4466,23.79,3.99
2024-08-09,5.33,314.062,122.9276,20.37,3.94
2024-08-12,5.33,314.062,123.2204,20.71,3.9
2024-08-13,5.33,314.062,123.0146,18.12,3.85
2024-08-14,5.33,314.062,122.4297,16.19,3.83
2024-08-15,5.33,314.062,122.5844,15.23,3.92
2024-08-16,5.33,314.062,122.3972,14.8,3.89
2024-08-19,5.33,314.062,121.8788,14.65,3.86
2024-08-20,5.33,314.062,121.7728,15.88,3.82
2024-08-21,5.33,314.062,121.8535,16.27,3.79
2024-08-22,5.33,314.062,122.3626,17.55,3.86
2024-08-23,5.33,314.062,121.4597,15.86,3.81
2024-08-26,5.33,314.062,121.6943,16.15,3.82
2024-08-27,5.33,314.062,121.8672,15.43,3.83
2024-08-28,5.33,314.062,121.8943,17.11,3.84
2024-08-29,5.33,314.062,122.2333,15.65,3.87
2024-08-30,5.33,314.062,122.3262,15.0,3.91
2024-09-01,5.13,314.732,122.3262,15.0,3.91
2024-09-02,5.13,314.732,122.3262,15.55,3.91
2024-09-03,5.13,314.732,122.7811,20.72,3.84
2024-09-04,5.13,314.732,122.5144,21.32,3.77
2024-09-05,5.13,314.732,122.4533,19.9,3.73
2024-09-06,5.13,314.732,122.4991,22.38,3.72
2024-09-09,5.13,314.732,122.7156,19.45,3.7
2024-09-10,5.13,314.732,123.0071,19.08,3.65
2024-09-11,5.13,314.732,122.7754,17.69,3.65
2024-09-12,5.13,314.732,122.4423,17.07,3.68
2024-09-13,5.13,314.732,121.6551,16.56,3.66
2024-09-16,5.13,314.732,121.4976,17.14,3.63
2024-09-17,5.13,314.732,121.6031,17.61,3.65
2024-09-18,5.13,314.732,121.5618,18.23,3.7
2024-09-19,5.13,314.732,121.3059,16.33,3.73
2024-09-20,5.13,314.732,121.4052,16.15,3.73
2024-09-23,5.13,314.732,121.4303,15.89,3.75
2024-09-24,5.13,314.732,121.1291,15.39,3.74
2024-09-25,5.13,314.732,121.4447,15.41,3.79
2024-09-26,5.13,314.732,121.0785,15.37,3.79
2024-09-27,5.13,314.732,121.1111,16.96,3.75
2024-09-30,5.13,314.732,121.2864,16.73,3.81
2024-10-01,4.83,315.631,121.6881,19.26,3.74
2024-10-02,4.83,315.631,121.5724,18.9,3.79
2024-10-03,4.83,315.631,122.1197,20.49,3.85
2024-10-04,4.83,315.631,122.2197,19.21,3.98
2024-10-07,4.83,315.631,122.4241,22.64,4.03
2024-10-08,4.83,315.631,122.6625,21.42,4.04
2024-10-09,4.83,315.631,122.8821,20.86,4.06
2024-10-10,4.83,315.631,123.0951,20.93,4.09
2024-10-11,4.83,315.631,122.9805,20.46,4.08
2024-10-14,4.83,315.631,122.9805,19.7,4.08
2024-10-15,4.83,315.631,123.5124,20.64,4.03
2024-10-16,4.83,315.631,123.9235,19.58,4.02
2024-10-17,4.83,315.631,124.1122,19.11,4.09
2024-10-18,4.83,315.631,123.9185,18.03,4.08
2024-10-21,4.83,315.631,124.4757,18.37,4.19
2024-10-22,4.83,315.631,124.4107,18.2,4.2
2024-10-23,4.83,315.631,124.6931,19.24,4.24
2024-10-24,4.83,315.631,124.5127,19.08,4.21
2024-10-25,4.83,315.631,124.6105,20.33,4.25
2024-10-28,4.83,315.631,124.8076,19.8,4.28
2024-10-29,4.83,315.631,124.8612,19.34,4.28
2024-10-30,4.83,315.631,124.8153,20.35,4.29
2024-10-31,4.83,315.631,124.7988,23.16,4.28
2024-11-01,4.64,316.528,124.8076,21.88,4.37
2024-11-04,4.64,316.528,124.5903,21.98,4.31
2024-11-05,4.64,316.528,124.5532,20.49,4.26
2024-11-06,4.64,316.528,125.7035,16.27,4.42
2024-11-07,4.64,316.528,124.775,15.2,4.31
2024-11-08,4.64,316.528,125.5811,14.94,4.3
2024-11-11,4.64,316.528,125.5811,14.97,4.3
2024-11-12,4.64,316.528,126.7762,14.71,4.43
2024-11-13,4.64,316.528,126.9572,14.02,4.44
2024-11-14,4.64,316.528,127.0015,14.31,4.43
2024-11-15,4.64,316.528,126.8848,16.14,4.43
2024-11-18,4.64,316.528,126.6045,15.58,4.42
2024-11-19,4.64,316.528,126.3994,16.35,4.39
2024-11-20,4.64,316.528,126.88,17.16,4.41
2024-11-21,4.64,316.528,127.1047,16.87,4.43
2024-11-22,4.64,316.528,127.4712,15.24,4.41
2024-11-25,4.64,316.528,126.9948,14.6,4.27
2024-11-26,4.64,316.528,127.4301,14.1,4.3
2024-11-27,4.64,316.528,126.8205,14.1,4.25
2024-11-28,4.64,316.528,126.8205,13.9,4.25
2024-11-29,4.64,316.528,126.5798,13.51,4.18
2024-12-01,4.48,317.604,126.5798,13.51,4.18
2024-12-02,4.48,317.604,127.1272,13.34,4.19
2024-12-03,4.48,317.604,126.9565,13.3,4.23
2024-12-04,4.48,317.604,126.7574,13.45,4.19
2024-12-05,4.48,317.604,126.4286,13.54,4.17
2024-12-06,4.48,317.604,126.688,12.77,4.15
2024-12-09,4.48,317.604,126.5981,14.19,4.2
2024-12-10,4.48,317.604,126.957,14.18,4.22
2024-12-11,4.48,317.604,126.8483,13.58,4.26
2024-12-12,4.48,317.604,126.9556,13.92,4.32
2024-12-13,4.48,317.604,127.3096,13.81,4.4
2024-12-16,4.48,317.604,127.2687,14.69,4.39
2024-12-17,4.48,317.604,127.5043,15.87,4.4
2024-12-18,4.48,317.604,127.6418,27.62,4.5
2024-12-19,4.48,317.604,128.6366,24.09,4.57
2024-12-20,4.48,317.604,127.893,18.36,4.52
2024-12-23,4.48,317.604,128.3021,16.78,4.59
2024-12-24,4.48,317.604,128.3377,14.27,4.59
2024-12-25,4.48,317.604,128.3377,14.27,4.59
2024-12-26,4.48,317.604,128.3329,14.73,4.58
2024-12-27,4.48,317.604,128.45,15.95,4.62
2024-12-30,4.48,317.604,128.8205,17.4,4.55
2024-12-31,4.48,317.604,129.2775,17.35,4.58
2025-01-01,4.33,318.961,129.2775,17.35,4.58
2025-01-02,4.33,318.961,129.4598,17.93,4.57
2025-01-03,4.33,318.961,129.4535,16.13,4.6
2025-01-06,4.33,318.961,128.538,16.04,4.62
2025-01-07,4.33,318.961,128.613,17.82,4.67
2025-01-08,4.33,318.961,129.0785,17.7,4.67
2025-01-09,4.33,318.961,129.2827,18.07,4.68
2025-01-10,4.33,318.961,129.8664,19.54,4.77
2025-01-13,4.33,318.961,130.0413,19.19,4.79
2025-01-14,4.33,318.961,129.3812,18.71,4.78
2025-01-15,4.33,318.961,129.2092,16.12,4.66
2025-01-16,4.33,318.961,129.436,16.6,4.61
2025-01-17,4.33,318.961,129.4859,15.97,4.61
2025-01-20,4.33,318.961,129.4859,15.81,4.61
2025-01-21,4.33,318.961,128.4151,15.06,4.57
2025-01-22,4.33,318.961,128.3402,15.1,4.6
2025-01-23,4.33,318.961,128.2162,15.02,4.65
2025-01-24,4.33,318.961,127.4611,14.85,4.63
2025-01-27,4.33,318.961,128.0912,17.9,4.53
2025-01-28,4.33,318.961,128.2817,16.41,4.55
2025-01-29,4.33,318.961,128.3418,16.56,4.55
2025-01-30,4.33,318.961,128.1004,15.84,4.52
2025-01-31,4.33,318.961,128.4828,16.43,4.58
2025-02-01,4.33,319.679,128.4828,16.43,4.58
2025-02-03,4.33,319.679,129.109,18.62,4.54
2025-02-04,4.33,319.679,128.1083,17.21,4.52
2025-02-05,4.33,319.679,127.9751,15.77,4.43
2025-02-06,4.33,319.679,128.2017,15.5,4.45
2025-02-07,4.33,319.679,128.4292,16.54,4.49
2025-02-10,4.33,319.679,128.6382,15.81,4.51
2025-02-11,4.33,319.679,128.4322,16.02,4.54
2025-02-12,4.33,319.679,128.3288,15.89,4.62
2025-02-13,4.33,319.679,127.8931,15.1,4.52
2025-02-14,4.33,319.679,127.1491,14.77,4.47
2025-02-17,4.33,319.679,127.1491,15.37,4.47
2025-02-18,4.33,319.679,127.2906,15.35,4.55
2025-02-19,4.33,319.679,127.7317,15.27,4.53
2025-02-20,4.33,319.679,127.1126,15.66,4.5
2025-02-21,4.33,319.679,127.1408,18.21,4.42
2025-02-24,4.33,319.679,127.1921,18.98,4.4
2025-02-25,4.33,319.679,127.3752,19.43,4.3
2025-02-26,4.33,319.679,127.2822,19.1,4.25
2025-02-27,4.33,319.679,127.9704,21.13,4.29
2025-02-28,4.33,319.679,128.2805,19.63,4.24
2025-03-01,4.33,319.785,128.2805,19.63,4.24
2025-03-03,4.33,319.785,127.75,22.78,4.16
2025-03-04,4.33,319.785,127.9966,23.51,4.22
2025-03-05,4.33,319.785,126.504,21.93,4.28
2025-03-06,4.33,319.785,126.1099,24.87,4.29
2025-03-07,4.33,319.785,125.9814,23.37,4.32
2025-03-10,4.33,319.785,126.268,27.86,4.22
2025-03-11,4.33,319.785,126.0457,26.92,4.28
2025-03-12,4.33,319.785,125.8664,24.23,4.32
2025-03-13,4.33,319.785,126.0031,24.66,4.27
2025-03-14,4.33,319.785,125.6942,21.77,4.31
2025-03-17,4.33,319.785,125.3688,20.51,4.31
2025-03-18,4.33,319.785,125.488,21.7,4.29
2025-03-19,4.33,319.785,125.8006,19.9,4.25
2025-03-20,4.33,319.785,125.985,19.8,4.24
2025-03-21,4.33,319.785,126.2679,19.28,4.25
2025-03-24,4.33,319.785,126.1956,17.48,4.34
2025-03-25,4.33,319.785,126.0535,17.15,4.31
2025-03-26,4.33,319.785,126.2364,18.33,4.35
2025-03-27,4.33,319.785,126.3626,18.69,4.38
2025-03-28,4.33,319.785,126.4187,21.65,4.27
2025-03-31,4.33,319.785,126.7075,22.28,4.23
2025-04-01,4.33,320.302,126.4338,21.77,4.17
2025-04-02,4.33,320.302,126.3811,21.51,4.2
2025-04-03,4.33,320.302,124.7316,30.02,4.06
2025-04-04,4.33,320.302,125.8129,45.31,4.01
2025-04-07,4.33,320.302,126.8282,46.98,4.15
2025-04-08,4.33,320.302,126.8668,52.33,4.26
2025-04-09,4.33,320.302,126.628,33.62,4.34
2025-04-10,4.33,320.302,125.089,40.72,4.4
2025-04-11,4.33,320.302,124.0163,37.56,4.48
2025-04-14,4.33,320.302,123.6598,30.89,4.38
2025-04-15,4.33,320.302,123.776,30.12,4.35
2025-04-16,4.33,320.302,123.2724,32.64,4.29
2025-04-17,4.33,320.302,123.1298,29.65,4.34
2025-04-18,4.33,320.302,122.9865,29.65,4.34
2025-04-21,4.33,320.302,122.3145,33.82,4.42
2025-04-22,4.33,320.302,122.4175,30.57,4.41
2025-04-23,4.33,320.302,123.0252,28.45,4.4
2025-04-24,4.33,320.302,122.9251,26.47,4.32
2025-04-25,4.33,320.302,122.8858,24.84,4.29
2025-04-28,4.33,320.302,122.7176,25.15,4.23
2025-04-29,4.33,320.302,122.5944,24.17,4.19
2025-04-30,4.33,320.302,122.5921,24.7,4.17
2025-05-01,4.33,320.62,123.1405,24.6,4.25
2025-05-02,4.33,320.62,122.4962,22.68,4.33
2025-05-05,4.33,320.62,122.2613,23.64,4.36
2025-05-06,4.33,320.62,122.0417,24.76,4.3
2025-05-07,4.33,320.62,122.117,23.55,4.26
2025-05-08,4.33,320.62,122.7568,22.48,4.37
2025-05-09,4.33,320.62,122.5191,21.9,4.37
2025-05-12,4.33,320.62,123.4863,18.39,4.45
2025-05-13,4.33,320.62,122.9583,18.22,4.49
2025-05-14,4.33,320.62,122.6746,18.62,4.53
2025-05-15,4.33,320.62,122.8174,17.83,4.45
2025-05-16,4.33,320.62,123.0737,17.24,4.43
2025-05-19,4.33,320.62,122.4186,18.14,4.46
2025-05-20,4.33,320.62,122.3199,18.09,4.48
2025-05-21,4.33,320.62,121.7496,20.87,4.58
2025-05-22,4.33,320.62,122.0429,20.28,4.54
2025-05-23,4.33,320.62,121.3837,22.29,4.51
2025-05-26,4.33,320.62,121.3837,20.57,4.51
2025-05-27,4.33,320.62,121.6099,18.96,4.43
2025-05-28,4.33,320.62,121.9888,19.31,4.47
2025-05-29,4.33,320.62,121.5617,19.18,4.43
2025-05-30,4.33,320.62,121.7674,18.57,4.41
2025-06-01,4.33,321.435,121.7674,18.57,4.41
2025-06-02,4.33,321.435,121.1881,18.36,4.46
2025-06-03,4.33,321.435,121.4592,17.69,4.46
2025-06-04,4.33,321.435,121.0539,17.61,4.37
2025-06-05,4.33,321.435,120.9596,18.48,4.4
2025-06-06,4.33,321.435,121.161,16.77,4.51
2025-06-09,4.33,321.435,120.9103,17.16,4.49
2025-06-10,4.33,321.435,121.0485,16.95,4.47
2025-06-11,4.33,321.435,120.587,17.26,4.41
2025-06-12,4.33,321.435,120.1723,18.02,4.36
2025-06-13,4.33,321.435,120.3245,20.82,4.41
2025-06-16,4.33,321.435,120.1565,19.11,4.46
2025-06-17,4.33,321.435,120.5048,21.6,4.39
2025-06-18,4.33,321.435,120.7305,20.14,4.38
2025-06-19,4.33,321.435,120.7305,22.17,4.38
2025-06-20,4.33,321.435,121.0408,20.62,4.38
2025-06-23,4.33,321.435,121.1694,19.83,4.34
2025-06-24,4.33,321.435,120.3645,17.48,4.3
2025-06-25,4.33,321.435,120.3336,16.76,4.29
2025-06-26,4.33,321.435,119.6451,16.59,4.26
2025-06-27,4.33,321.435,119.659,16.32,4.29
2025-06-30,4.33,321.435,119.4088,16.73,4.24
2025-07-01,4.33,322.169,119.3436,16.83,4.26
2025-07-02,4.33,322.169,119.3037,16.64,4.3
2025-07-03,4.33,322.169,119.2382,16.38,4.35
2025-07-04,4.33,322.169,119.2382,17.48,4.35
2025-07-07,4.33,322.169,119.6201,17.79,4.4
2025-07-08,4.33,322.169,119.8371,16.81,4.42
2025-07-09,4.33,322.169,119.7311,15.94,4.34
2025-07-10,4.33,322.169,119.8343,15.78,4.35
2025-07-11,4.33,322.169,119.9214,16.4,4.43
2025-07-14,4.33,322.169,120.2209,17.2,4.43
2025-07-15,4.33,322.169,120.5105,17.38,4.5
2025-07-16,4.33,322.169,120.4175,17.16,4.46
2025-07-17,4.33,322.169,120.6384,16.52,4.47
2025-07-18,4.33,322.169,120.356,16.41,4.44
2025-07-21,4.33,322.169,119.9961,16.65,4.38
2025-07-22,4.33,322.169,119.681,16.5,4.35
2025-07-23,4.33,322.169,119.5697,15.37,4.4
2025-07-24,4.33,322.169,119.5664,15.39,4.43
2025-07-25,4.33,322.169,119.9857,14.93,4.4
2025-07-28,4.33,322.169,120.6149,15.03,4.42
2025-07-29,4.33,322.169,120.9674,15.98,4.34
2025-07-30,4.33,322.169,121.4042,15.48,4.38
2025-07-31,4.33,322.169,121.721,16.72,4.37
2025-08-01,4.33,323.291,121.2122,20.38,4.23
2025-08-04,4.33,323.291,120.9859,17.52,4.22
2025-08-05,4.33,323.291,120.9082,17.85,4.22
2025-08-06,4.33,323.291,120.5082,16.77,4.22
2025-08-07,4.33,323.291,120.5043,16.57,4.23
2025-08-08,4.33,323.291,120.3329,15.15,4.27
2025-08-11,4.33,323.291,120.6892,16.25,4.27
2025-08-12,4.33,323.291,120.2736,14.73,4.29
2025-08-13,4.33,323.291,120.13,14.49,4.24
2025-08-14,4.33,323.291,120.6446,14.83,4.29
2025-08-15,4.33,323.291,120.3377,15.09,4.33
2025-08-18,4.33,323.291,120.5622,14.99,4.34
2025-08-19,4.33,323.291,120.7224,15.57,4.3
2025-08-20,4.33,323.291,120.7757,15.69,4.29
2025-08-21,4.33,323.291,121.0843,16.6,4.33
2025-08-22,4.33,323.291,120.2774,14.22,4.26
2025-08-25,4.33,323.291,120.4214,14.79,4.28
2025-08-26,4.33,323.291,120.5274,14.62,4.26
2025-08-27,4.33,323.291,120.7274,14.85,4.24
2025-08-28,4.33,323.291,120.2595,14.43,4.22
2025-08-29,4.33,323.291,120.2082,15.36,4.23
2025-09-01,4.22,324.245,120.2082,16.12,4.23
2025-09-02,4.22,324.245,120.6837,17.17,4.28
2025-09-03,4.22,324.245,120.5052,16.35,4.22
2025-09-04,4.22,324.245,120.7629,15.3,4.17
2025-09-05,4.22,324.245,120.1282,15.18,4.1
2025-09-08,4.22,324.245,120.0971,15.11,4.05
2025-09-09,4.22,324.245,120.1569,15.04,4.08
2025-09-10,4.22,324.245,120.1223,15.35,4.04
2025-09-11,4.22,324.245,119.9534,14.71,4.01
2025-09-12,4.22,324.245,120.0611,14.76,4.06
2025-09-15,4.22,324.245,119.5644,15.69,4.05
2025-09-16,4.22,324.245,119.1348,16.36,4.04
2025-09-17,4.22,324.245,119.1582,15.72,4.06
2025-09-18,4.22,324.245,119.6616,15.7,4.11
2025-09-19,4.22,324.245,119.7858,15.45,4.14
2025-09-22,4.22,324.245,119.8152,16.1,4.15
2025-09-23,4.22,324.245,119.6202,16.64,4.12
2025-09-24,4.22,324.245,120.1707,16.18,4.16
2025-09-25,4.22,324.245,120.5419,16.74,4.18
2025-09-26,4.22,324.245,120.4349,15.29,4.2
2025-09-29,4.22,324.245,120.115,16.12,4.15
2025-09-30,4.22,324.245,120.1368,16.28,4.16
2025-10-01,4.09,324.245,120.1502,16.29,4.12
2025-10-02,4.09,324.245,120.4296,16.63,4.1
2025-10-03,4.09,324.245,120.0881,16.65,4.13
2025-10-06,4.09,324.245,120.2722,16.37,4.18
2025-10-07,4.09,324.245,120.4884,17.24,4.14
2025-10-08,4.09,324.245,120.7766,16.3,4.13
2025-10-09,4.09,324.245,121.0902,16.43,4.14
2025-10-10,4.09,324.245,121.1163,21.66,4.05
2025-10-13,4.09,324.245,121.1163,19.03,4.05
2025-10-14,4.09,324.245,121.1822,20.81,4.03
2025-10-15,4.09,324.245,120.8642,20.64,4.05
2025-10-16,4.09,324.245,120.6698,25.31,3.99
2025-10-17,4.09,324.245,120.7028,20.78,4.02
2025-10-20,4.09,324.245,120.6209,18.23,4.0
2025-10-21,4.09,324.245,120.8895,17.87,3.98
2025-10-22,4.09,324.245,120.8958,18.6,3.97
2025-10-23,4.09,324.245,120.9531,17.3,4.01
2025-10-24,4.09,324.245,120.9345,16.37,4.02
2025-10-27,4.09,324.245,120.7988,15.79,4.01
2025-10-28,4.09,324.245,120.6361,16.42,3.99
2025-10-29,4.09,324.245,120.5312,16.92,4.08
2025-10-30,4.09,324.245,121.2832,16.91,4.11
2025-10-31,4.09,324.245,121.3859,17.44,4.11
2025-11-01,3.88,325.063,121.3859,17.44,4.11
2025-11-03,3.88,325.063,121.4512,17.17,4.13
2025-11-04,3.88,325.063,121.8271,19.0,4.1
2025-11-05,3.88,325.063,121.8482,18.01,4.17
2025-11-06,3.88,325.063,121.6948,19.5,4.11
2025-11-07,3.88,325.063,121.388,19.08,4.11
2025-11-10,3.88,325.063,121.2984,17.6,4.13
2025-11-11,3.88,325.063,121.2984,17.28,4.13
2025-11-12,3.88,325.063,121.0458,17.51,4.08
2025-11-13,3.88,325.063,120.7725,20.0,4.11
2025-11-14,3.88,325.063,120.9666,19.83,4.14
2025-11-17,3.88,325.063,121.1146,22.38,4.13
2025-11-18,3.88,325.063,121.2127,24.69,4.12
2025-11-19,3.88,325.063,121.4978,23.66,4.13
2025-11-20,3.88,325.063,121.6889,26.42,4.1
2025-11-21,3.88,325.063,121.8653,23.43,4.06
2025-11-24,3.88,325.063,121.9171,20.52,4.04
2025-11-25,3.88,325.063,121.6335,18.56,4.01
2025-11-26,3.88,325.063,121.2437,17.19,4.0
2025-11-27,3.88,325.063,121.2437,17.21,4.0
2025-11-28,3.88,325.063,121.0527,16.35,4.02
2025-12-01,3.72,326.031,120.9862,17.24,4.09
2025-12-02,3.72,326.031,121.1467,16.59,4.09
2025-12-03,3.72,326.031,120.7336,16.08,4.06
2025-12-04,3.72,326.031,120.6766,15.78,4.11
2025-12-05,3.72,326.031,120.6863,15.41,4.14
2025-12-08,3.72,326.031,120.776,16.66,4.17
2025-12-09,3.72,326.031,120.6832,16.93,4.18
2025-12-10,3.72,326.031,120.6752,15.77,4.13
2025-12-11,3.72,326.031,119.98,14.85,4.14
2025-12-12,3.72,326.031,120.1442,15.74,4.19
2025-12-15,3.72,326.031,119.9561,16.5,4.18
2025-12-16,3.72,326.031,119.8902,16.48,4.15
2025-12-17,3.72,326.031,120.155,17.62,4.16
2025-12-18,3.72,326.031,120.0528,16.87,4.12
2025-12-19,3.72,326.031,120.1652,14.91,4.16
2025-12-22,3.72,326.031,119.9912,14.08,4.17
2025-12-23,3.72,326.031,119.7057,14.0,4.18
2025-12-24,3.72,326.031,119.4372,13.47,4.15
2025-12-25,3.72,326.031,119.4372,13.47,4.15
2025-12-26,3.72,326.031,119.4723,13.6,4.14
2025-12-29,3.72,326.031,119.5899,14.2,4.12
2025-12-30,3.72,326.031,119.4939,14.33,4.14
2025-12-31,3.72,326.031,119.7456,14.95,4.18
2026-01-01,3.64,326.588,119.7456,14.95,4.18
2026-01-02,3.64,326.588,119.6059,14.51,4.19
2026-01-05,3.64,326.588,119.6192,14.9,4.17
2026-01-06,3.64,326.588,119.7807,14.75,4.18
2026-01-07,3.64,326.588,119.8719,15.38,4.15
2026-01-08,3.64,326.588,120.0904,15.45,4.19
2026-01-09,3.64,326.588,120.2215,14.49,4.18
2026-01-12,3.64,326.588,119.9958,15.12,4.19
2026-01-13,3.64,326.588,120.1401,15.98,4.18
2026-01-14,3.64,326.588,119.9537,16.75,4.15
2026-01-15,3.64,326.588,119.9951,15.84,4.17
2026-01-16,3.64,326.588,120.0838,15.86,4.24
2026-01-19,3.64,326.588,120.0838,18.84,4.24
2026-01-20,3.64,326.588,119.4455,20.09,4.3
2026-01-21,3.64,326.588,119.3431,16.9,4.26
2026-01-22,3.64,326.588,119.1962,15.64,4.26
2026-01-23,3.64,326.588,118.8976,16.09,4.24
2026-01-26,3.64,326.588,118.0525,16.15,4.22
2026-01-27,3.64,326.588,117.4523,16.35,4.24
2026-01-28,3.64,326.588,117.5117,16.35,4.26
2026-01-29,3.64,326.588,117.4396,16.88,4.24
2026-01-30,3.64,326.588,117.8996,17.44,4.26
2026-02-01,3.64,327.46,117.8996,17.44,4.26
2026-02-02,3.64,327.46,118.3609,16.34,4.29
2026-02-03,3.64,327.46,117.9764,18.0,4.28
2026-02-04,3.64,327.46,118.2602,18.64,4.29
2026-02-05,3.64,327.46,118.5034,21.77,4.21
2026-02-06,3.64,327.46,118.2407,17.76,4.22
2026-02-09,3.64,327.46,117.6392,17.36,4.22
2026-02-10,3.64,327.46,117.5216,17.79,4.16
2026-02-11,3.64,327.46,117.4601,17.65,4.18
2026-02-12,3.64,327.46,117.5376,20.82,4.09
2026-02-13,3.64,327.46,117.5258,20.6,4.04
2026-02-16,3.64,327.46,117.5258,21.2,4.04
2026-02-17,3.64,327.46,117.7375,20.29,4.05
2026-02-18,3.64,327.46,117.8426,19.62,4.09
2026-02-19,3.64,327.46,118.2354,20.23,4.08
2026-02-20,3.64,327.46,117.9917,19.09,4.08
2026-02-23,3.64,327.46,117.9395,21.01,4.03
2026-02-24,3.64,327.46,117.9463,19.55,4.04
2026-02-25,3.64,327.46,117.769,17.93,4.05
2026-02-26,3.64,327.46,117.9042,18.63,4.02
2026-02-27,3.64,327.46,117.8223,19.86,3.97
2026-03-01,3.64,330.293,117.8223,19.86,3.97
2026-03-02,3.64,330.293,118.667,21.44,4.05
2026-03-03,3.64,330.293,119.4341,23.57,4.06
2026-03-04,3.64,330.293,119.0705,21.15,4.09
2026-03-05,3.64,330.293,119.5683,23.75,4.13
2026-03-06,3.64,330.293,119.491,29.49,4.15
2026-03-09,3.64,330.293,119.5151,25.5,4.12
2026-03-10,3.64,330.293,118.7255,24.93,4.15
2026-03-11,3.64,330.293,119.2885,24.23,4.21
2026-03-12,3.64,330.293,119.8227,27.29,4.27
2026-03-13,3.64,330.293,120.5518,27.19,4.28
2026-03-16,3.64,330.293,120.097,23.51,4.23
2026-03-17,3.64,330.293,119.8328,22.37,4.2
2026-03-18,3.64,330.293,119.9276,25.09,4.26
2026-03-19,3.64,330.293,120.1802,24.06,4.25
2026-03-20,3.64,330.293,120.2757,26.78,4.39
2026-03-23,3.64,330.293,119.9371,26.15,4.34
2026-03-24,3.64,330.293,120.1295,26.95,4.39
2026-03-25,3.64,330.293,120.1282,25.33,4.33
2026-03-26,3.64,330.293,120.389,27.44,4.42
2026-03-27,3.64,330.293,120.8851,31.05,4.44
2026-03-30,3.64,330.293,121.2851,30.61,4.35
2026-03-31,3.64,330.293,121.035,25.25,4.3
2026-04-01,3.64,332.407,120.1198,24.54,4.33
2026-04-02,3.64,332.407,120.503,23.87,4.31
2026-04-03,3.64,332.407,120.6565,23.87,4.35
2026-04-06,3.64,332.407,120.4302,24.17,4.34
2026-04-07,3.64,332.407,120.32,25.78,4.33
2026-04-08,3.64,332.407,119.0596,21.04,4.29
2026-04-09,3.64,332.407,118.8998,19.49,4.29
2026-04-10,3.64,332.407,118.8552,19.23,4.31
2026-04-13,3.64,332.407,118.9916,19.12,4.3
2026-04-14,3.64,332.407,118.3581,18.36,4.26
2026-04-15,3.64,332.407,118.3623,18.17,4.29
2026-04-16,3.64,332.407,118.3616,17.94,4.32
2026-04-17,3.64,332.407,118.0795,17.48,4.26
2026-04-20,3.64,332.407,118.2374,18.87,4.26
2026-04-21,3.64,332.407,118.4331,19.5,4.3
2026-04-22,3.64,332.407,118.6004,18.92,4.3
2026-04-23,3.64,332.407,118.7155,19.31,4.34
2026-04-24,3.64,332.407,118.7294,18.71,4.31
2026-04-27,3.64,332.407,118.5458,18.02,4.35
2026-04-28,3.64,332.407,118.7717,17.83,4.36
2026-04-29,3.64,332.407,119.0975,18.81,4.42
2026-04-30,3.64,332.407,118.671,16.89,4.4
2026-05-01,3.63,333.979,118.3926,16.99,4.39
2026-05-04,3.63,333.979,118.8264,18.29,4.45
2026-05-05,3.63,333.979,118.6207,17.38,4.43
2026-05-06,3.63,333.979,118.0982,17.39,4.36
2026-05-07,3.63,333.979,118.0116,17.08,4.41
2026-05-08,3.63,333.979,118.0392,17.19,4.38
2026-05-11,3.63,333.979,118.0562,18.38,4.42
2026-05-12,3.63,333.979,118.5238,17.99,4.46
2026-05-13,3.63,333.979,118.4737,17.87,4.46
2026-05-14,3.63,333.979,118.6696,17.26,4.47
2026-05-15,3.63,333.979,119.2825,18.43,4.59
2026-05-18,3.63,333.979,119.0574,17.82,4.61
2026-05-19,3.63,333.979,119.451,18.06,4.67
2026-05-20,3.63,333.979,119.1624,17.44,4.57
2026-05-21,3.63,333.979,119.369,16.76,4.57
2026-05-22,3.63,333.979,119.2868,16.7,4.56
2026-05-25,3.63,333.979,119.2868,16.59,4.56
2026-05-26,3.63,333.979,119.1696,17.01,4.5
2026-05-27,3.63,333.979,119.1829,16.29,4.48
2026-05-28,3.63,333.979,119.0318,15.74,4.45
2026-05-29,3.63,333.979,118.8783,15.32,4.45
2026-06-01,3.63,332.568,119.1653,16.05,4.47
2026-06-02,3.63,332.568,119.0359,15.77,4.46
2026-06-03,3.63,332.568,119.3848,16.06,4.49
2026-06-04,3.63,332.568,119.3615,15.4,4.47
2026-06-05,3.63,332.568,120.0831,21.51,4.55
2026-06-08,3.63,332.568,120.034,18.92,4.56
2026-06-09,3.63,332.568,119.9617,19.87,4.53
2026-06-10,3.63,332.568,119.9134,22.22,4.55
2026-06-11,3.63,332.568,120.1174,19.44,4.45
2026-06-12,3.63,332.568,119.5073,17.68,4.48
2026-06-15,3.63,332.568,119.3158,16.2,4.47
2026-06-16,3.63,332.568,119.256,16.41,4.43
2026-06-17,3.63,332.568,119.3871,18.44,4.49
2026-06-18,3.63,332.568,120.3958,16.4,4.46
2026-06-19,3.63,332.568,120.3958,16.78,4.46
2026-06-22,3.63,332.568,120.5463,17.28,4.51
2026-06-23,3.63,332.568,121.0552,19.49,4.5
2026-06-24,3.63,332.568,121.412,18.63,4.41
2026-06-25,3.63,332.568,121.0559,18.89,4.4
2026-06-26,3.63,332.568,120.8866,18.41,4.38
2026-06-29,3.63,332.568,120.9525,17.65,4.38
2026-06-30,3.63,332.568,120.9248,16.45,4.44
